aclew_child_id,group_corp,group_corpNE,corp,segment,age_mo_round,tchiyr.m,tchiyr.sd,n_spkrs_clip,tds_mph,cds_mph,ads_mph
0396,NA_English,NA_English,BER,1,15,13.928571428571429,8.62473932153252,1,11.97,11.97,0
0396,NA_English,NA_English,BER,10,15,13.928571428571429,8.62473932153252,1,9.96,9.96,0
0396,NA_English,NA_English,BER,11,15,13.928571428571429,8.62473932153252,1,1.35,1.35,0
0396,NA_English,NA_English,BER,12,15,13.928571428571429,8.62473932153252,2,1.62,1.62,5.25
0396,NA_English,NA_English,BER,13,15,13.928571428571429,8.62473932153252,1,2.82,2.82,0
0396,NA_English,NA_English,BER,14,15,13.928571428571429,8.62473932153252,1,0.15,0.15,0
0396,NA_English,NA_English,BER,15,15,13.928571428571429,8.62473932153252,1,3.1799999999999997,3.1799999999999997,1.68
0396,NA_English,NA_English,BER,2,15,13.928571428571429,8.62473932153252,1,1.5599999999999998,1.5599999999999998,0
0396,NA_English,NA_English,BER,3,15,13.928571428571429,8.62473932153252,0,0,0,0
0396,NA_English,NA_English,BER,4,15,13.928571428571429,8.62473932153252,1,5.82,5.82,0
0396,NA_English,NA_English,BER,5,15,13.928571428571429,8.62473932153252,3,2.85,2.85,18.69
0396,NA_English,NA_English,BER,6,15,13.928571428571429,8.62473932153252,0,0,0,0
0396,NA_English,NA_English,BER,7,15,13.928571428571429,8.62473932153252,1,0,0,19.14
0396,NA_English,NA_English,BER,8,15,13.928571428571429,8.62473932153252,2,2.4,2.4,5.46
0396,NA_English,NA_English,BER,9,15,13.928571428571429,8.62473932153252,0,0,0,0
0643,Tseltal,Tseltal,CAS,random-1,2,13.928571428571429,8.62473932153252,4,1.128,17.544,7.02
0643,Tseltal,Tseltal,CAS,random-2,2,13.928571428571429,8.62473932153252,2,1.788,2.724,3.636
0643,Tseltal,Tseltal,CAS,random-3,2,13.928571428571429,8.62473932153252,6,0.12,15.432,12.035999999999998
0643,Tseltal,Tseltal,CAS,random-4,2,13.928571428571429,8.62473932153252,3,0,1.656,1.464
0643,Tseltal,Tseltal,CAS,random-5,2,13.928571428571429,8.62473932153252,4,0,10.056,3.42
0643,Tseltal,Tseltal,CAS,random-6,2,13.928571428571429,8.62473932153252,4,0.456,3.3480000000000003,3.5999999999999996
0643,Tseltal,Tseltal,CAS,random-7,2,13.928571428571429,8.62473932153252,5,0,4.9799999999999995,13.284
0643,Tseltal,Tseltal,CAS,random-8,2,13.928571428571429,8.62473932153252,5,3.78,19.632,7.656
0643,Tseltal,Tseltal,CAS,random-9,2,13.928571428571429,8.62473932153252,4,0.168,7.764000000000001,22.356
0790,Arg_Spanish,Arg_Spanish,ROS,1,12,13.928571428571429,8.62473932153252,1,3.57,3.57,0
0790,Arg_Spanish,Arg_Spanish,ROS,10,12,13.928571428571429,8.62473932153252,5,2.94,18.33,12.36
0790,Arg_Spanish,Arg_Spanish,ROS,11,12,13.928571428571429,8.62473932153252,1,18.3,18.3,0
0790,Arg_Spanish,Arg_Spanish,ROS,12,12,13.928571428571429,8.62473932153252,3,15.69,16.200000000000003,0
0790,Arg_Spanish,Arg_Spanish,ROS,13,12,13.928571428571429,8.62473932153252,2,9.09,9.09,0
0790,Arg_Spanish,Arg_Spanish,ROS,14,12,13.928571428571429,8.62473932153252,1,12.21,12.21,0
0790,Arg_Spanish,Arg_Spanish,ROS,15,12,13.928571428571429,8.62473932153252,4,7.0200000000000005,7.0200000000000005,0.24
0790,Arg_Spanish,Arg_Spanish,ROS,2,12,13.928571428571429,8.62473932153252,3,0.6,0.6,22.92
0790,Arg_Spanish,Arg_Spanish,ROS,3,12,13.928571428571429,8.62473932153252,3,9.15,9.15,12.33
0790,Arg_Spanish,Arg_Spanish,ROS,4,12,13.928571428571429,8.62473932153252,1,13.77,13.77,0
0790,Arg_Spanish,Arg_Spanish,ROS,5,12,13.928571428571429,8.62473932153252,4,4.7700000000000005,18.36,27.24
0790,Arg_Spanish,Arg_Spanish,ROS,6,12,13.928571428571429,8.62473932153252,1,9.12,9.12,0
0790,Arg_Spanish,Arg_Spanish,ROS,7,12,13.928571428571429,8.62473932153252,8,0,7.0200000000000005,40.11
0790,Arg_Spanish,Arg_Spanish,ROS,8,12,13.928571428571429,8.62473932153252,1,10.59,10.59,0
0790,Arg_Spanish,Arg_Spanish,ROS,9,12,13.928571428571429,8.62473932153252,1,10.59,10.59,0
1130,NA_English,NA_English,WAR,1,9,13.928571428571429,8.62473932153252,3,0,4.890000000000001,4.59
1130,NA_English,NA_English,WAR,10,9,13.928571428571429,8.62473932153252,4,0,0.75,9.99
1130,NA_English,NA_English,WAR,11,9,13.928571428571429,8.62473932153252,2,0,0.87,3.69
1130,NA_English,NA_English,WAR,12,9,13.928571428571429,8.62473932153252,4,0,2.28,10.05
1130,NA_English,NA_English,WAR,13,9,13.928571428571429,8.62473932153252,3,0,7.800000000000001,14.04
1130,NA_English,NA_English,WAR,14,9,13.928571428571429,8.62473932153252,2,0,1.77,11.16
1130,NA_English,NA_English,WAR,15,9,13.928571428571429,8.62473932153252,2,0,5.22,11.85
1130,NA_English,NA_English,WAR,2,9,13.928571428571429,8.62473932153252,3,0,6.27,9.42
1130,NA_English,NA_English,WAR,3,9,13.928571428571429,8.62473932153252,3,0,6.69,12
1130,NA_English,NA_English,WAR,4,9,13.928571428571429,8.62473932153252,2,0,0.48,5.37
1130,NA_English,NA_English,WAR,5,9,13.928571428571429,8.62473932153252,1,0,0,4.65
1130,NA_English,NA_English,WAR,6,9,13.928571428571429,8.62473932153252,2,0,24.33,11.64
1130,NA_English,NA_English,WAR,7,9,13.928571428571429,8.62473932153252,3,0,3.15,32.28
1130,NA_English,NA_English,WAR,8,9,13.928571428571429,8.62473932153252,3,0,17.91,15.33
1130,NA_English,NA_English,WAR,9,9,13.928571428571429,8.62473932153252,3,0,0,34.14
1143,Yeli_Dnye,Yeli_Dnye,CAS,random-1,8,13.928571428571429,8.62473932153252,8,1.704,3.072,39.599999999999994
1143,Yeli_Dnye,Yeli_Dnye,CAS,random-2,8,13.928571428571429,8.62473932153252,3,4.896,7.632000000000001,22.176
1143,Yeli_Dnye,Yeli_Dnye,CAS,random-3,8,13.928571428571429,8.62473932153252,5,0.8400000000000001,2.3040000000000003,52.824000000000005
1143,Yeli_Dnye,Yeli_Dnye,CAS,random-4,8,13.928571428571429,8.62473932153252,6,2.76,8.376,18
1143,Yeli_Dnye,Yeli_Dnye,CAS,random-5,8,13.928571428571429,8.62473932153252,8,0,0,81.288
1143,Yeli_Dnye,Yeli_Dnye,CAS,random-6,8,13.928571428571429,8.62473932153252,7,0.48,10.464,46.416
1143,Yeli_Dnye,Yeli_Dnye,CAS,random-7,8,13.928571428571429,8.62473932153252,4,4.4399999999999995,7.512,16.704
1143,Yeli_Dnye,Yeli_Dnye,CAS,random-8,8,13.928571428571429,8.62473932153252,6,7.92,69.552,0
1143,Yeli_Dnye,Yeli_Dnye,CAS,random-9,8,13.928571428571429,8.62473932153252,7,1.248,13.248,15.36
1156,UK_English,UK_English,ROW,1,25,13.928571428571429,8.62473932153252,2,21.42,21.63,2.0700000000000003
1156,UK_English,UK_English,ROW,10,25,13.928571428571429,8.62473932153252,3,1.65,2.82,12.09
1156,UK_English,UK_English,ROW,11,25,13.928571428571429,8.62473932153252,3,14.16,16.95,0.39
1156,UK_English,UK_English,ROW,12,25,13.928571428571429,8.62473932153252,1,8.67,8.67,0.7799999999999999
1156,UK_English,UK_English,ROW,13,25,13.928571428571429,8.62473932153252,2,0,22.71,10.08
1156,UK_English,UK_English,ROW,14,25,13.928571428571429,8.62473932153252,2,5.76,5.76,4.41
1156,UK_English,UK_English,ROW,15,25,13.928571428571429,8.62473932153252,2,0,0.72,0
1156,UK_English,UK_English,ROW,2,25,13.928571428571429,8.62473932153252,1,6.39,6.39,0
1156,UK_English,UK_English,ROW,3,25,13.928571428571429,8.62473932153252,0,0,0,0
1156,UK_English,UK_English,ROW,4,25,13.928571428571429,8.62473932153252,0,0,0,0
1156,UK_English,UK_English,ROW,5,25,13.928571428571429,8.62473932153252,0,0,0,0
1156,UK_English,UK_English,ROW,6,25,13.928571428571429,8.62473932153252,0,0,0,0
1156,UK_English,UK_English,ROW,7,25,13.928571428571429,8.62473932153252,2,0.3,12.81,20.49
1156,UK_English,UK_English,ROW,8,25,13.928571428571429,8.62473932153252,0,0,0,0
1156,UK_English,UK_English,ROW,9,25,13.928571428571429,8.62473932153252,4,0.8099999999999999,1.86,54.78
1196,NA_English,NA_English,BER,1,9,13.928571428571429,8.62473932153252,2,0,4.47,12.63
1196,NA_English,NA_English,BER,10,9,13.928571428571429,8.62473932153252,2,2.1599999999999997,4.5,9.48
1196,NA_English,NA_English,BER,11,9,13.928571428571429,8.62473932153252,0,0,0,0
1196,NA_English,NA_English,BER,12,9,13.928571428571429,8.62473932153252,2,0,0,27.3
1196,NA_English,NA_English,BER,13,9,13.928571428571429,8.62473932153252,0,0,0,0
1196,NA_English,NA_English,BER,14,9,13.928571428571429,8.62473932153252,2,0,0.84,11.46
1196,NA_English,NA_English,BER,15,9,13.928571428571429,8.62473932153252,1,0,0,35.339999999999996
1196,NA_English,NA_English,BER,2,9,13.928571428571429,8.62473932153252,2,0,4.68,1.35
1196,NA_English,NA_English,BER,3,9,13.928571428571429,8.62473932153252,1,0,0,0.39
1196,NA_English,NA_English,BER,4,9,13.928571428571429,8.62473932153252,2,0.8099999999999999,1.5599999999999998,0.5399999999999999
1196,NA_English,NA_English,BER,5,9,13.928571428571429,8.62473932153252,2,0,0,3.99
1196,NA_English,NA_English,BER,6,9,13.928571428571429,8.62473932153252,1,0,0,2.13
1196,NA_English,NA_English,BER,7,9,13.928571428571429,8.62473932153252,2,0,2.31,9.57
1196,NA_English,NA_English,BER,8,9,13.928571428571429,8.62473932153252,2,0.8099999999999999,3.42,6.27
1196,NA_English,NA_English,BER,9,9,13.928571428571429,8.62473932153252,2,1.02,1.02,11.49
1299,Arg_Spanish,Arg_Spanish,ROS,1,23,13.928571428571429,8.62473932153252,3,1.86,1.86,28.38
1299,Arg_Spanish,Arg_Spanish,ROS,10,23,13.928571428571429,8.62473932153252,4,5.22,10.98,6.33
1299,Arg_Spanish,Arg_Spanish,ROS,11,23,13.928571428571429,8.62473932153252,3,4.050000000000001,4.59,45.24
1299,Arg_Spanish,Arg_Spanish,ROS,12,23,13.928571428571429,8.62473932153252,1,2.88,2.88,0
1299,Arg_Spanish,Arg_Spanish,ROS,13,23,13.928571428571429,8.62473932153252,5,5.31,5.31,3.9
1299,Arg_Spanish,Arg_Spanish,ROS,14,23,13.928571428571429,8.62473932153252,3,0,0,7.890000000000001
1299,Arg_Spanish,Arg_Spanish,ROS,15,23,13.928571428571429,8.62473932153252,4,0.57,2.4,3.21
1299,Arg_Spanish,Arg_Spanish,ROS,2,23,13.928571428571429,8.62473932153252,4,0.51,3.27,26.61
1299,Arg_Spanish,Arg_Spanish,ROS,3,23,13.928571428571429,8.62473932153252,2,8.100000000000001,9.6,0
1299,Arg_Spanish,Arg_Spanish,ROS,4,23,13.928571428571429,8.62473932153252,5,4.74,10.08,12.27
1299,Arg_Spanish,Arg_Spanish,ROS,5,23,13.928571428571429,8.62473932153252,7,3.39,16.830000000000002,1.7999999999999998
1299,Arg_Spanish,Arg_Spanish,ROS,6,23,13.928571428571429,8.62473932153252,3,3.78,3.78,0.87
1299,Arg_Spanish,Arg_Spanish,ROS,7,23,13.928571428571429,8.62473932153252,3,0,2.6399999999999997,41.7
1299,Arg_Spanish,Arg_Spanish,ROS,8,23,13.928571428571429,8.62473932153252,5,1.5299999999999998,10.89,35.61
1299,Arg_Spanish,Arg_Spanish,ROS,9,23,13.928571428571429,8.62473932153252,6,0,13.05,19.53
1499,NA_English,NA_English,SOD,1,32,13.928571428571429,8.62473932153252,5,5.94,14.88,1.23
1499,NA_English,NA_English,SOD,10,32,13.928571428571429,8.62473932153252,3,0.7799999999999999,1.5,0
1499,NA_English,NA_English,SOD,11,32,13.928571428571429,8.62473932153252,0,0,0,0
1499,NA_English,NA_English,SOD,12,32,13.928571428571429,8.62473932153252,5,10.14,14.13,3.66
1499,NA_English,NA_English,SOD,13,32,13.928571428571429,8.62473932153252,0,0,0,0
1499,NA_English,NA_English,SOD,14,32,13.928571428571429,8.62473932153252,6,6.930000000000001,8.61,0
1499,NA_English,NA_English,SOD,15,32,13.928571428571429,8.62473932153252,2,3.36,3.36,0
1499,NA_English,NA_English,SOD,2,32,13.928571428571429,8.62473932153252,0,0,0,0
1499,NA_English,NA_English,SOD,3,32,13.928571428571429,8.62473932153252,0,0,0,0
1499,NA_English,NA_English,SOD,4,32,13.928571428571429,8.62473932153252,10,7.38,11.07,1.41
1499,NA_English,NA_English,SOD,5,32,13.928571428571429,8.62473932153252,8,4.050000000000001,9,2.85
1499,NA_English,NA_English,SOD,6,32,13.928571428571429,8.62473932153252,5,1.2899999999999998,5.04,2.1
1499,NA_English,NA_English,SOD,7,32,13.928571428571429,8.62473932153252,11,0,6.96,10.23
1499,NA_English,NA_English,SOD,8,32,13.928571428571429,8.62473932153252,4,1.05,3.54,1.92
1499,NA_English,NA_English,SOD,9,32,13.928571428571429,8.62473932153252,0,0,0,0
1618,NA_English,NA_English,BER,1,7,13.928571428571429,8.62473932153252,2,3.21,8.7,10.29
1618,NA_English,NA_English,BER,10,7,13.928571428571429,8.62473932153252,5,10.62,15.6,17.88
1618,NA_English,NA_English,BER,11,7,13.928571428571429,8.62473932153252,2,7.68,11.91,6.99
1618,NA_English,NA_English,BER,12,7,13.928571428571429,8.62473932153252,0,0,0,0
1618,NA_English,NA_English,BER,13,7,13.928571428571429,8.62473932153252,0,0,0,0
1618,NA_English,NA_English,BER,14,7,13.928571428571429,8.62473932153252,4,3.03,12.239999999999998,37.23
1618,NA_English,NA_English,BER,15,7,13.928571428571429,8.62473932153252,0,0,0,0
1618,NA_English,NA_English,BER,2,7,13.928571428571429,8.62473932153252,0,0,0,0
1618,NA_English,NA_English,BER,3,7,13.928571428571429,8.62473932153252,0,0,0,0
1618,NA_English,NA_English,BER,4,7,13.928571428571429,8.62473932153252,0,0,0,0
1618,NA_English,NA_English,BER,5,7,13.928571428571429,8.62473932153252,0,0,0,0
1618,NA_English,NA_English,BER,6,7,13.928571428571429,8.62473932153252,0,0,0,0
1618,NA_English,NA_English,BER,7,7,13.928571428571429,8.62473932153252,0,0,0,0
1618,NA_English,NA_English,BER,8,7,13.928571428571429,8.62473932153252,0,0,0,0
1618,NA_English,NA_English,BER,9,7,13.928571428571429,8.62473932153252,0,0,0,0
1735,UK_English,UK_English,ROW,1,21,13.928571428571429,8.62473932153252,1,8.61,8.61,0
1735,UK_English,UK_English,ROW,10,21,13.928571428571429,8.62473932153252,0,0,0,0
1735,UK_English,UK_English,ROW,11,21,13.928571428571429,8.62473932153252,3,7.53,12.75,1.83
1735,UK_English,UK_English,ROW,12,21,13.928571428571429,8.62473932153252,2,1.62,1.62,0
1735,UK_English,UK_English,ROW,13,21,13.928571428571429,8.62473932153252,1,1.2,1.2,0
1735,UK_English,UK_English,ROW,14,21,13.928571428571429,8.62473932153252,2,12.06,15.45,4.68
1735,UK_English,UK_English,ROW,15,21,13.928571428571429,8.62473932153252,1,0.51,0.51,0
1735,UK_English,UK_English,ROW,2,21,13.928571428571429,8.62473932153252,2,0.39,0.39,0
1735,UK_English,UK_English,ROW,3,21,13.928571428571429,8.62473932153252,2,11.64,12.78,3.39
1735,UK_English,UK_English,ROW,4,21,13.928571428571429,8.62473932153252,2,9.9,22.92,9.57
1735,UK_English,UK_English,ROW,5,21,13.928571428571429,8.62473932153252,0,0,0,0
1735,UK_English,UK_English,ROW,6,21,13.928571428571429,8.62473932153252,0,0,0,0
1735,UK_English,UK_English,ROW,7,21,13.928571428571429,8.62473932153252,4,7.38,7.38,9.51
1735,UK_English,UK_English,ROW,8,21,13.928571428571429,8.62473932153252,2,9.09,9.09,0.63
1735,UK_English,UK_English,ROW,9,21,13.928571428571429,8.62473932153252,0,0,0,0
1768,UK_English,UK_English,ROW,1,21,13.928571428571429,8.62473932153252,2,1.62,1.62,2.6999999999999997
1768,UK_English,UK_English,ROW,10,21,13.928571428571429,8.62473932153252,2,0,0,42.96
1768,UK_English,UK_English,ROW,11,21,13.928571428571429,8.62473932153252,3,7.53,8.4,11.37
1768,UK_English,UK_English,ROW,12,21,13.928571428571429,8.62473932153252,2,2.46,2.46,0
1768,UK_English,UK_English,ROW,13,21,13.928571428571429,8.62473932153252,1,2.4,2.4,0.6
1768,UK_English,UK_English,ROW,14,21,13.928571428571429,8.62473932153252,6,5.3999999999999995,6.66,5.1000000000000005
1768,UK_English,UK_English,ROW,15,21,13.928571428571429,8.62473932153252,3,8.13,8.82,0
1768,UK_English,UK_English,ROW,2,21,13.928571428571429,8.62473932153252,2,0,0,0
1768,UK_English,UK_English,ROW,3,21,13.928571428571429,8.62473932153252,2,10.77,11.25,5.31
1768,UK_English,UK_English,ROW,4,21,13.928571428571429,8.62473932153252,2,3.96,3.96,2.6999999999999997
1768,UK_English,UK_English,ROW,5,21,13.928571428571429,8.62473932153252,0,0,0,0
1768,UK_English,UK_English,ROW,6,21,13.928571428571429,8.62473932153252,4,0.6,0.6,2.5500000000000003
1768,UK_English,UK_English,ROW,7,21,13.928571428571429,8.62473932153252,1,28.26,28.26,0
1768,UK_English,UK_English,ROW,8,21,13.928571428571429,8.62473932153252,0,0,0,0
1768,UK_English,UK_English,ROW,9,21,13.928571428571429,8.62473932153252,2,0.5399999999999999,0.5399999999999999,6.090000000000001
1844,NA_English,NA_English,BER,1,10,13.928571428571429,8.62473932153252,1,19.05,19.05,0.99
1844,NA_English,NA_English,BER,10,10,13.928571428571429,8.62473932153252,0,0,0,0
1844,NA_English,NA_English,BER,11,10,13.928571428571429,8.62473932153252,2,7.109999999999999,7.109999999999999,4.83
1844,NA_English,NA_English,BER,12,10,13.928571428571429,8.62473932153252,0,0,0,0
1844,NA_English,NA_English,BER,13,10,13.928571428571429,8.62473932153252,2,7.23,7.23,12.63
1844,NA_English,NA_English,BER,14,10,13.928571428571429,8.62473932153252,2,15.27,15.27,5.82
1844,NA_English,NA_English,BER,15,10,13.928571428571429,8.62473932153252,1,7.109999999999999,7.109999999999999,0
1844,NA_English,NA_English,BER,2,10,13.928571428571429,8.62473932153252,2,3.81,3.81,7.0200000000000005
1844,NA_English,NA_English,BER,3,10,13.928571428571429,8.62473932153252,2,4.35,4.35,0
1844,NA_English,NA_English,BER,4,10,13.928571428571429,8.62473932153252,2,12.3,12.3,7.74
1844,NA_English,NA_English,BER,5,10,13.928571428571429,8.62473932153252,4,15.84,15.84,22.17
1844,NA_English,NA_English,BER,6,10,13.928571428571429,8.62473932153252,0,0,0,0
1844,NA_English,NA_English,BER,7,10,13.928571428571429,8.62473932153252,3,10.41,10.41,14.16
1844,NA_English,NA_English,BER,8,10,13.928571428571429,8.62473932153252,3,0,0,11.73
1844,NA_English,NA_English,BER,9,10,13.928571428571429,8.62473932153252,2,5.04,5.04,15.84
2109,Tseltal,Tseltal,CAS,random-1,7,13.928571428571429,8.62473932153252,1,3.912,3.912,0
2109,Tseltal,Tseltal,CAS,random-2,7,13.928571428571429,8.62473932153252,1,11.268,11.268,0
2109,Tseltal,Tseltal,CAS,random-3,7,13.928571428571429,8.62473932153252,0,0,0,0
2109,Tseltal,Tseltal,CAS,random-4,7,13.928571428571429,8.62473932153252,0,0,0,0
2109,Tseltal,Tseltal,CAS,random-5,7,13.928571428571429,8.62473932153252,2,1.524,1.524,16.56
2109,Tseltal,Tseltal,CAS,random-6,7,13.928571428571429,8.62473932153252,1,0.192,0.192,0
2109,Tseltal,Tseltal,CAS,random-7,7,13.928571428571429,8.62473932153252,1,9.468,9.468,0
2109,Tseltal,Tseltal,CAS,random-8,7,13.928571428571429,8.62473932153252,1,4.0920000000000005,4.0920000000000005,0
2109,Tseltal,Tseltal,CAS,random-9,7,13.928571428571429,8.62473932153252,2,4.68,4.68,8.472
2534,Arg_Spanish,Arg_Spanish,ROS,1,9,13.928571428571429,8.62473932153252,1,0,0,24.66
2534,Arg_Spanish,Arg_Spanish,ROS,10,9,13.928571428571429,8.62473932153252,2,7.32,7.32,0
2534,Arg_Spanish,Arg_Spanish,ROS,11,9,13.928571428571429,8.62473932153252,2,2.49,2.49,0.51
2534,Arg_Spanish,Arg_Spanish,ROS,12,9,13.928571428571429,8.62473932153252,3,11.7,11.7,35.4
2534,Arg_Spanish,Arg_Spanish,ROS,13,9,13.928571428571429,8.62473932153252,2,7.44,7.44,4.2299999999999995
2534,Arg_Spanish,Arg_Spanish,ROS,14,9,13.928571428571429,8.62473932153252,2,10.65,10.65,4.050000000000001
2534,Arg_Spanish,Arg_Spanish,ROS,15,9,13.928571428571429,8.62473932153252,5,1.5,1.5,52.86
2534,Arg_Spanish,Arg_Spanish,ROS,2,9,13.928571428571429,8.62473932153252,2,4.319999999999999,4.319999999999999,13.38
2534,Arg_Spanish,Arg_Spanish,ROS,3,9,13.928571428571429,8.62473932153252,1,2.34,2.34,0
2534,Arg_Spanish,Arg_Spanish,ROS,4,9,13.928571428571429,8.62473932153252,2,7.890000000000001,7.890000000000001,3.87
2534,Arg_Spanish,Arg_Spanish,ROS,5,9,13.928571428571429,8.62473932153252,2,5.04,5.04,1.74
2534,Arg_Spanish,Arg_Spanish,ROS,6,9,13.928571428571429,8.62473932153252,2,1.14,1.14,0
2534,Arg_Spanish,Arg_Spanish,ROS,7,9,13.928571428571429,8.62473932153252,2,10.59,10.59,3.63
2534,Arg_Spanish,Arg_Spanish,ROS,8,9,13.928571428571429,8.62473932153252,3,4.26,4.26,0.63
2534,Arg_Spanish,Arg_Spanish,ROS,9,9,13.928571428571429,8.62473932153252,1,6.78,6.78,0
2535,NA_English,NA_English,WAR,1,3,13.928571428571429,8.62473932153252,2,23.4,23.4,17.49
2535,NA_English,NA_English,WAR,10,3,13.928571428571429,8.62473932153252,1,3.78,3.78,5.55
2535,NA_English,NA_English,WAR,11,3,13.928571428571429,8.62473932153252,2,0,0,31.32
2535,NA_English,NA_English,WAR,12,3,13.928571428571429,8.62473932153252,1,3.39,3.39,0.63
2535,NA_English,NA_English,WAR,13,3,13.928571428571429,8.62473932153252,1,36.06,36.06,0
2535,NA_English,NA_English,WAR,14,3,13.928571428571429,8.62473932153252,2,0,0,47.129999999999995
2535,NA_English,NA_English,WAR,15,3,13.928571428571429,8.62473932153252,0,0,0,0
2535,NA_English,NA_English,WAR,2,3,13.928571428571429,8.62473932153252,2,8.91,8.91,8.16
2535,NA_English,NA_English,WAR,3,3,13.928571428571429,8.62473932153252,2,2.46,2.46,0.93
2535,NA_English,NA_English,WAR,4,3,13.928571428571429,8.62473932153252,0,0,0,0
2535,NA_English,NA_English,WAR,5,3,13.928571428571429,8.62473932153252,2,1.68,1.68,47.7
2535,NA_English,NA_English,WAR,6,3,13.928571428571429,8.62473932153252,2,1.05,1.05,44.64
2535,NA_English,NA_English,WAR,7,3,13.928571428571429,8.62473932153252,2,0,0,36.24
2535,NA_English,NA_English,WAR,8,3,13.928571428571429,8.62473932153252,2,0,0,29.97
2535,NA_English,NA_English,WAR,9,3,13.928571428571429,8.62473932153252,2,3.21,3.21,20.1
2625,Tseltal,Tseltal,CAS,random-1,32,13.928571428571429,8.62473932153252,1,0.852,0.996,0
2625,Tseltal,Tseltal,CAS,random-2,32,13.928571428571429,8.62473932153252,2,14.832,17.003999999999998,1.512
2625,Tseltal,Tseltal,CAS,random-3,32,13.928571428571429,8.62473932153252,2,4.896,5.736,2.988
2625,Tseltal,Tseltal,CAS,random-4,32,13.928571428571429,8.62473932153252,7,6.132,7.56,2.028
2625,Tseltal,Tseltal,CAS,random-5,32,13.928571428571429,8.62473932153252,4,4.212,4.9319999999999995,5.675999999999999
2625,Tseltal,Tseltal,CAS,random-6,32,13.928571428571429,8.62473932153252,3,1.464,2.352,1.896
2625,Tseltal,Tseltal,CAS,random-7,32,13.928571428571429,8.62473932153252,3,0,12.612,4.9319999999999995
2625,Tseltal,Tseltal,CAS,random-8,32,13.928571428571429,8.62473932153252,3,3.3720000000000003,20.172,11.208000000000002
2625,Tseltal,Tseltal,CAS,random-9,32,13.928571428571429,8.62473932153252,3,0,7.223999999999999,2.7960000000000003
2745,UK_English,UK_English,ROW,1,18,13.928571428571429,8.62473932153252,0,0,0,0
2745,UK_English,UK_English,ROW,10,18,13.928571428571429,8.62473932153252,2,0.8999999999999999,0.8999999999999999,17.099999999999998
2745,UK_English,UK_English,ROW,11,18,13.928571428571429,8.62473932153252,1,14.010000000000002,14.010000000000002,0
2745,UK_English,UK_English,ROW,12,18,13.928571428571429,8.62473932153252,1,2.19,2.19,0
2745,UK_English,UK_English,ROW,13,18,13.928571428571429,8.62473932153252,0,0,0,0
2745,UK_English,UK_English,ROW,14,18,13.928571428571429,8.62473932153252,1,7.32,7.32,0
2745,UK_English,UK_English,ROW,15,18,13.928571428571429,8.62473932153252,1,0.93,0.93,0
2745,UK_English,UK_English,ROW,2,18,13.928571428571429,8.62473932153252,1,0.57,0.57,0
2745,UK_English,UK_English,ROW,3,18,13.928571428571429,8.62473932153252,1,3.48,3.48,0
2745,UK_English,UK_English,ROW,4,18,13.928571428571429,8.62473932153252,1,8.25,8.25,0
2745,UK_English,UK_English,ROW,5,18,13.928571428571429,8.62473932153252,0,0,0,0
2745,UK_English,UK_English,ROW,6,18,13.928571428571429,8.62473932153252,1,5.04,5.04,0
2745,UK_English,UK_English,ROW,7,18,13.928571428571429,8.62473932153252,1,1.23,1.23,0
2745,UK_English,UK_English,ROW,8,18,13.928571428571429,8.62473932153252,1,1.41,1.41,0
2745,UK_English,UK_English,ROW,9,18,13.928571428571429,8.62473932153252,1,2.79,2.79,0
2927,NA_English,NA_English,BER,1,13,13.928571428571429,8.62473932153252,2,18.57,23.790000000000003,12.36
2927,NA_English,NA_English,BER,10,13,13.928571428571429,8.62473932153252,0,0,0,0
2927,NA_English,NA_English,BER,11,13,13.928571428571429,8.62473932153252,3,4.92,29.01,10.32
2927,NA_English,NA_English,BER,12,13,13.928571428571429,8.62473932153252,0,0,0,0
2927,NA_English,NA_English,BER,13,13,13.928571428571429,8.62473932153252,2,10.59,14.58,0
2927,NA_English,NA_English,BER,14,13,13.928571428571429,8.62473932153252,2,0,9.27,2.85
2927,NA_English,NA_English,BER,15,13,13.928571428571429,8.62473932153252,2,0.5399999999999999,16.41,8.85
2927,NA_English,NA_English,BER,2,13,13.928571428571429,8.62473932153252,3,2.61,7.74,34.410000000000004
2927,NA_English,NA_English,BER,3,13,13.928571428571429,8.62473932153252,3,0.24,12.48,32.07
2927,NA_English,NA_English,BER,4,13,13.928571428571429,8.62473932153252,1,5.7,7.47,0
2927,NA_English,NA_English,BER,5,13,13.928571428571429,8.62473932153252,0,0,0,0
2927,NA_English,NA_English,BER,6,13,13.928571428571429,8.62473932153252,0,0,0,0
2927,NA_English,NA_English,BER,7,13,13.928571428571429,8.62473932153252,4,0,2.4,5.46
2927,NA_English,NA_English,BER,8,13,13.928571428571429,8.62473932153252,3,4.0200000000000005,4.74,34.35
2927,NA_English,NA_English,BER,9,13,13.928571428571429,8.62473932153252,3,13.05,25.08,9.63
2977,Yeli_Dnye,Yeli_Dnye,CAS,random-1,13,13.928571428571429,8.62473932153252,8,2.448,7.824000000000001,21.792
2977,Yeli_Dnye,Yeli_Dnye,CAS,random-2,13,13.928571428571429,8.62473932153252,8,6.959999999999999,6.959999999999999,56.784
2977,Yeli_Dnye,Yeli_Dnye,CAS,random-3,13,13.928571428571429,8.62473932153252,9,2.832,11.592,29.784
2977,Yeli_Dnye,Yeli_Dnye,CAS,random-4,13,13.928571428571429,8.62473932153252,13,0.936,9.144,64.896
2977,Yeli_Dnye,Yeli_Dnye,CAS,random-5,13,13.928571428571429,8.62473932153252,13,0,11.616,52.824000000000005
2977,Yeli_Dnye,Yeli_Dnye,CAS,random-6,13,13.928571428571429,8.62473932153252,3,0,0,1.584
2977,Yeli_Dnye,Yeli_Dnye,CAS,random-7,13,13.928571428571429,8.62473932153252,7,7.272,11.04,12.264
2977,Yeli_Dnye,Yeli_Dnye,CAS,random-8,13,13.928571428571429,8.62473932153252,8,0,11.88,66.96000000000001
2977,Yeli_Dnye,Yeli_Dnye,CAS,random-9,13,13.928571428571429,8.62473932153252,15,15.432,28.704,40.008
3026,Tseltal,Tseltal,CAS,random-1,36,13.928571428571429,8.62473932153252,4,6.324000000000001,13.848,1.344
3026,Tseltal,Tseltal,CAS,random-2,36,13.928571428571429,8.62473932153252,1,2.472,2.472,0
3026,Tseltal,Tseltal,CAS,random-3,36,13.928571428571429,8.62473932153252,3,2.688,4.284,1.548
3026,Tseltal,Tseltal,CAS,random-4,36,13.928571428571429,8.62473932153252,2,0,0,0
3026,Tseltal,Tseltal,CAS,random-5,36,13.928571428571429,8.62473932153252,2,0.228,0.228,0
3026,Tseltal,Tseltal,CAS,random-6,36,13.928571428571429,8.62473932153252,1,0.336,0.336,0
3026,Tseltal,Tseltal,CAS,random-7,36,13.928571428571429,8.62473932153252,4,4.128,11.016,16.535999999999998
3026,Tseltal,Tseltal,CAS,random-8,36,13.928571428571429,8.62473932153252,4,5.484000000000001,20.412,7.56
3026,Tseltal,Tseltal,CAS,random-9,36,13.928571428571429,8.62473932153252,4,1.0080000000000002,23.22,8.676
3090,NA_English,NA_English,WAR,1,3,13.928571428571429,8.62473932153252,0,0,0,0
3090,NA_English,NA_English,WAR,10,3,13.928571428571429,8.62473932153252,0,0,0,0
3090,NA_English,NA_English,WAR,11,3,13.928571428571429,8.62473932153252,0,0,0,0
3090,NA_English,NA_English,WAR,12,3,13.928571428571429,8.62473932153252,0,0,0,0
3090,NA_English,NA_English,WAR,13,3,13.928571428571429,8.62473932153252,0,0,0,0
3090,NA_English,NA_English,WAR,14,3,13.928571428571429,8.62473932153252,2,0,0,18.33
3090,NA_English,NA_English,WAR,15,3,13.928571428571429,8.62473932153252,2,0,2.37,20.76
3090,NA_English,NA_English,WAR,2,3,13.928571428571429,8.62473932153252,0,0,0,0
3090,NA_English,NA_English,WAR,3,3,13.928571428571429,8.62473932153252,2,0,4.53,17.669999999999998
3090,NA_English,NA_English,WAR,4,3,13.928571428571429,8.62473932153252,2,0,3.81,21.57
3090,NA_English,NA_English,WAR,5,3,13.928571428571429,8.62473932153252,2,18.36,18.84,2.19
3090,NA_English,NA_English,WAR,6,3,13.928571428571429,8.62473932153252,1,2.91,2.91,0.12
3090,NA_English,NA_English,WAR,7,3,13.928571428571429,8.62473932153252,0,0,0,0
3090,NA_English,NA_English,WAR,8,3,13.928571428571429,8.62473932153252,0,0,0,0
3090,NA_English,NA_English,WAR,9,3,13.928571428571429,8.62473932153252,0,0,0,0
3486,UK_English,UK_English,ROW,1,31,13.928571428571429,8.62473932153252,1,0.39,0.39,0
3486,UK_English,UK_English,ROW,10,31,13.928571428571429,8.62473932153252,0,0,0,0
3486,UK_English,UK_English,ROW,11,31,13.928571428571429,8.62473932153252,0,0,0,0
3486,UK_English,UK_English,ROW,12,31,13.928571428571429,8.62473932153252,0,0,0,0
3486,UK_English,UK_English,ROW,13,31,13.928571428571429,8.62473932153252,3,6.18,8.459999999999999,3.09
3486,UK_English,UK_English,ROW,14,31,13.928571428571429,8.62473932153252,0,0,0,0
3486,UK_English,UK_English,ROW,15,31,13.928571428571429,8.62473932153252,2,0,0,4.2299999999999995
3486,UK_English,UK_English,ROW,2,31,13.928571428571429,8.62473932153252,3,1.86,2.1599999999999997,0
3486,UK_English,UK_English,ROW,3,31,13.928571428571429,8.62473932153252,2,9.66,10.41,1.71
3486,UK_English,UK_English,ROW,4,31,13.928571428571429,8.62473932153252,0,0,0,0
3486,UK_English,UK_English,ROW,5,31,13.928571428571429,8.62473932153252,0,0,0,0
3486,UK_English,UK_English,ROW,6,31,13.928571428571429,8.62473932153252,0,0,0,0
3486,UK_English,UK_English,ROW,7,31,13.928571428571429,8.62473932153252,1,0.24,0.24,0
3486,UK_English,UK_English,ROW,8,31,13.928571428571429,8.62473932153252,0,0,0,0
3486,UK_English,UK_English,ROW,9,31,13.928571428571429,8.62473932153252,0,0,0,0
3510,Arg_Spanish,Arg_Spanish,ROS,1,14,13.928571428571429,8.62473932153252,3,21.39,22.02,1.71
3510,Arg_Spanish,Arg_Spanish,ROS,10,14,13.928571428571429,8.62473932153252,3,0,0,11.46
3510,Arg_Spanish,Arg_Spanish,ROS,11,14,13.928571428571429,8.62473932153252,3,0,0,30.96
3510,Arg_Spanish,Arg_Spanish,ROS,12,14,13.928571428571429,8.62473932153252,3,6.63,14.49,17.7
3510,Arg_Spanish,Arg_Spanish,ROS,13,14,13.928571428571429,8.62473932153252,3,61.53,67.71000000000001,5.49
3510,Arg_Spanish,Arg_Spanish,ROS,14,14,13.928571428571429,8.62473932153252,3,0,0,29.04
3510,Arg_Spanish,Arg_Spanish,ROS,15,14,13.928571428571429,8.62473932153252,3,0,1.14,0.72
3510,Arg_Spanish,Arg_Spanish,ROS,2,14,13.928571428571429,8.62473932153252,2,0,0.6,1.5299999999999998
3510,Arg_Spanish,Arg_Spanish,ROS,3,14,13.928571428571429,8.62473932153252,4,0,0,8.430000000000001
3510,Arg_Spanish,Arg_Spanish,ROS,4,14,13.928571428571429,8.62473932153252,1,11.82,11.82,0
3510,Arg_Spanish,Arg_Spanish,ROS,5,14,13.928571428571429,8.62473932153252,2,25.59,27.36,2.5500000000000003
3510,Arg_Spanish,Arg_Spanish,ROS,6,14,13.928571428571429,8.62473932153252,2,0,0,3.51
3510,Arg_Spanish,Arg_Spanish,ROS,7,14,13.928571428571429,8.62473932153252,3,0,11.52,30.15
3510,Arg_Spanish,Arg_Spanish,ROS,8,14,13.928571428571429,8.62473932153252,3,0,3,14.25
3510,Arg_Spanish,Arg_Spanish,ROS,9,14,13.928571428571429,8.62473932153252,3,0,5.04,4.7700000000000005
3528,NA_English,NA_English,WAR,1,6,13.928571428571429,8.62473932153252,0,0,0,0
3528,NA_English,NA_English,WAR,10,6,13.928571428571429,8.62473932153252,0,0,0,0
3528,NA_English,NA_English,WAR,11,6,13.928571428571429,8.62473932153252,0,0,0,0
3528,NA_English,NA_English,WAR,12,6,13.928571428571429,8.62473932153252,0,0,0,0
3528,NA_English,NA_English,WAR,13,6,13.928571428571429,8.62473932153252,0,0,0,0
3528,NA_English,NA_English,WAR,14,6,13.928571428571429,8.62473932153252,0,0,0,0
3528,NA_English,NA_English,WAR,15,6,13.928571428571429,8.62473932153252,0,0,0,0
3528,NA_English,NA_English,WAR,2,6,13.928571428571429,8.62473932153252,0,0,0,0
3528,NA_English,NA_English,WAR,3,6,13.928571428571429,8.62473932153252,0,0,0,0
3528,NA_English,NA_English,WAR,4,6,13.928571428571429,8.62473932153252,0,0,0,0
3528,NA_English,NA_English,WAR,5,6,13.928571428571429,8.62473932153252,0,0,0,0
3528,NA_English,NA_English,WAR,6,6,13.928571428571429,8.62473932153252,1,5.52,5.52,0
3528,NA_English,NA_English,WAR,7,6,13.928571428571429,8.62473932153252,0,0,0,0
3528,NA_English,NA_English,WAR,8,6,13.928571428571429,8.62473932153252,1,0,0,0
3528,NA_English,NA_English,WAR,9,6,13.928571428571429,8.62473932153252,0,0,0,0
3542,NA_English,NA_English,SOD,1,2,13.928571428571429,8.62473932153252,5,0,1.11,32.34
3542,NA_English,NA_English,SOD,10,2,13.928571428571429,8.62473932153252,5,0.8099999999999999,0.8099999999999999,43.23
3542,NA_English,NA_English,SOD,11,2,13.928571428571429,8.62473932153252,10,5.970000000000001,12.33,28.98
3542,NA_English,NA_English,SOD,12,2,13.928571428571429,8.62473932153252,1,8.639999999999999,8.639999999999999,0
3542,NA_English,NA_English,SOD,13,2,13.928571428571429,8.62473932153252,5,5.94,5.94,28.26
3542,NA_English,NA_English,SOD,14,2,13.928571428571429,8.62473932153252,9,2.5799999999999996,3.66,16.17
3542,NA_English,NA_English,SOD,15,2,13.928571428571429,8.62473932153252,8,0.42,1.5299999999999998,27.27
3542,NA_English,NA_English,SOD,2,2,13.928571428571429,8.62473932153252,3,0,0,20.040000000000003
3542,NA_English,NA_English,SOD,3,2,13.928571428571429,8.62473932153252,6,1.77,1.77,37.98
3542,NA_English,NA_English,SOD,4,2,13.928571428571429,8.62473932153252,1,52.11,52.11,0
3542,NA_English,NA_English,SOD,5,2,13.928571428571429,8.62473932153252,1,12.21,12.21,0
3542,NA_English,NA_English,SOD,6,2,13.928571428571429,8.62473932153252,1,14.88,14.88,0
3542,NA_English,NA_English,SOD,7,2,13.928571428571429,8.62473932153252,3,0,0,44.52
3542,NA_English,NA_English,SOD,8,2,13.928571428571429,8.62473932153252,1,2.37,2.37,0
3542,NA_English,NA_English,SOD,9,2,13.928571428571429,8.62473932153252,4,5.8500000000000005,5.8500000000000005,6.99
3729,Yeli_Dnye,Yeli_Dnye,CAS,random-1,4,13.928571428571429,8.62473932153252,12,1.608,11.472,29.976000000000003
3729,Yeli_Dnye,Yeli_Dnye,CAS,random-2,4,13.928571428571429,8.62473932153252,5,17.136,49.2,7.632000000000001
3729,Yeli_Dnye,Yeli_Dnye,CAS,random-3,4,13.928571428571429,8.62473932153252,8,0.456,28.056,19.44
3729,Yeli_Dnye,Yeli_Dnye,CAS,random-4,4,13.928571428571429,8.62473932153252,3,6.192,11.64,6.36
3729,Yeli_Dnye,Yeli_Dnye,CAS,random-5,4,13.928571428571429,8.62473932153252,6,0,18.312,44.352
3729,Yeli_Dnye,Yeli_Dnye,CAS,random-6,4,13.928571428571429,8.62473932153252,5,0,7.848,40.92
3729,Yeli_Dnye,Yeli_Dnye,CAS,random-7,4,13.928571428571429,8.62473932153252,7,3.024,21.768,22.703999999999997
3729,Yeli_Dnye,Yeli_Dnye,CAS,random-8,4,13.928571428571429,8.62473932153252,8,0.456,10.776,41.856
3729,Yeli_Dnye,Yeli_Dnye,CAS,random-9,4,13.928571428571429,8.62473932153252,9,0,57.936,42.816
3749,NA_English,NA_English,BER,1,14,13.928571428571429,8.62473932153252,4,5.7,5.7,37.2
3749,NA_English,NA_English,BER,10,14,13.928571428571429,8.62473932153252,5,0,0,41.7
3749,NA_English,NA_English,BER,11,14,13.928571428571429,8.62473932153252,3,1.38,1.38,14.04
3749,NA_English,NA_English,BER,12,14,13.928571428571429,8.62473932153252,0,0,0,0
3749,NA_English,NA_English,BER,13,14,13.928571428571429,8.62473932153252,2,0,0,27.15
3749,NA_English,NA_English,BER,14,14,13.928571428571429,8.62473932153252,4,2.31,2.31,61.08
3749,NA_English,NA_English,BER,15,14,13.928571428571429,8.62473932153252,4,7.62,7.62,24.72
3749,NA_English,NA_English,BER,2,14,13.928571428571429,8.62473932153252,3,3.72,3.72,1.17
3749,NA_English,NA_English,BER,3,14,13.928571428571429,8.62473932153252,0,0,0,0
3749,NA_English,NA_English,BER,4,14,13.928571428571429,8.62473932153252,0,0,0,0
3749,NA_English,NA_English,BER,5,14,13.928571428571429,8.62473932153252,2,6.75,6.75,8.4
3749,NA_English,NA_English,BER,6,14,13.928571428571429,8.62473932153252,2,0.5399999999999999,0.5399999999999999,33
3749,NA_English,NA_English,BER,7,14,13.928571428571429,8.62473932153252,1,0,0,21.209999999999997
3749,NA_English,NA_English,BER,8,14,13.928571428571429,8.62473932153252,0,0,0,0
3749,NA_English,NA_English,BER,9,14,13.928571428571429,8.62473932153252,2,25.86,25.86,0
3895,NA_English,NA_English,BER,1,8,13.928571428571429,8.62473932153252,3,1.71,8.040000000000001,1.2
3895,NA_English,NA_English,BER,10,8,13.928571428571429,8.62473932153252,3,4.83,24.24,0.93
3895,NA_English,NA_English,BER,11,8,13.928571428571429,8.62473932153252,0,0,0,0
3895,NA_English,NA_English,BER,12,8,13.928571428571429,8.62473932153252,0,0,0,0
3895,NA_English,NA_English,BER,13,8,13.928571428571429,8.62473932153252,4,6.84,6.84,43.2
3895,NA_English,NA_English,BER,14,8,13.928571428571429,8.62473932153252,3,0,0.12,37.709999999999994
3895,NA_English,NA_English,BER,15,8,13.928571428571429,8.62473932153252,3,2.52,9.33,0.8099999999999999
3895,NA_English,NA_English,BER,2,8,13.928571428571429,8.62473932153252,5,1.3199999999999998,52.529999999999994,20.49
3895,NA_English,NA_English,BER,3,8,13.928571428571429,8.62473932153252,4,0,25.83,0
3895,NA_English,NA_English,BER,4,8,13.928571428571429,8.62473932153252,0,0,0,0
3895,NA_English,NA_English,BER,5,8,13.928571428571429,8.62473932153252,0,0,0,0
3895,NA_English,NA_English,BER,6,8,13.928571428571429,8.62473932153252,6,2.04,26.37,29.01
3895,NA_English,NA_English,BER,7,8,13.928571428571429,8.62473932153252,0,0,0,0
3895,NA_English,NA_English,BER,8,8,13.928571428571429,8.62473932153252,2,0,0.45,3.93
3895,NA_English,NA_English,BER,9,8,13.928571428571429,8.62473932153252,1,0,0.3,0
3956,Yeli_Dnye,Yeli_Dnye,CAS,random-1,29,13.928571428571429,8.62473932153252,9,20.688,31.488000000000003,26.832
3956,Yeli_Dnye,Yeli_Dnye,CAS,random-2,29,13.928571428571429,8.62473932153252,10,2.856,35.184000000000005,19.104
3956,Yeli_Dnye,Yeli_Dnye,CAS,random-3,29,13.928571428571429,8.62473932153252,5,6.744000000000001,6.744000000000001,0
3956,Yeli_Dnye,Yeli_Dnye,CAS,random-4,29,13.928571428571429,8.62473932153252,5,4.5120000000000005,12.672,1.896
3956,Yeli_Dnye,Yeli_Dnye,CAS,random-5,29,13.928571428571429,8.62473932153252,1,10.152,10.152,0
3956,Yeli_Dnye,Yeli_Dnye,CAS,random-6,29,13.928571428571429,8.62473932153252,1,0.6,0.6,0
3956,Yeli_Dnye,Yeli_Dnye,CAS,random-7,29,13.928571428571429,8.62473932153252,8,3.408,6.648000000000001,9.432
3956,Yeli_Dnye,Yeli_Dnye,CAS,random-8,29,13.928571428571429,8.62473932153252,4,7.152,8.927999999999999,3.912
3956,Yeli_Dnye,Yeli_Dnye,CAS,random-9,29,13.928571428571429,8.62473932153252,12,0.24,93.384,4.056
4483,NA_English,NA_English,SOD,1,5,13.928571428571429,8.62473932153252,2,6.33,6.33,3.93
4483,NA_English,NA_English,SOD,10,5,13.928571428571429,8.62473932153252,4,9.6,10.17,11.07
4483,NA_English,NA_English,SOD,11,5,13.928571428571429,8.62473932153252,3,0.2699977500187498,1.0499912500729165,5.609953250389579
4483,NA_English,NA_English,SOD,12,5,13.928571428571429,8.62473932153252,2,0,0,1.71
4483,NA_English,NA_English,SOD,13,5,13.928571428571429,8.62473932153252,4,12.42,14.37,7.14
4483,NA_English,NA_English,SOD,14,5,13.928571428571429,8.62473932153252,3,18.48200221690683,21.18229474859777,10.411127872186151
4483,NA_English,NA_English,SOD,15,5,13.928571428571429,8.62473932153252,1,2.49,2.49,0
4483,NA_English,NA_English,SOD,2,5,13.928571428571429,8.62473932153252,0,0,0,0
4483,NA_English,NA_English,SOD,3,5,13.928571428571429,8.62473932153252,2,2.28,5.58,0.5399999999999999
4483,NA_English,NA_English,SOD,4,5,13.928571428571429,8.62473932153252,2,1.5299999999999998,2.01,1.41
4483,NA_English,NA_English,SOD,5,5,13.928571428571429,8.62473932153252,2,6.18,6.57,2.04
4483,NA_English,NA_English,SOD,6,5,13.928571428571429,8.62473932153252,3,1.89,3.3,5.88
4483,NA_English,NA_English,SOD,7,5,13.928571428571429,8.62473932153252,4,0.69,0.69,27.93
4483,NA_English,NA_English,SOD,8,5,13.928571428571429,8.62473932153252,4,7.95,7.95,14.64
4483,NA_English,NA_English,SOD,9,5,13.928571428571429,8.62473932153252,3,2.94,2.94,8.370000000000001
4569,Yeli_Dnye,Yeli_Dnye,CAS,random-1,20,13.928571428571429,8.62473932153252,2,0,0,2.88
4569,Yeli_Dnye,Yeli_Dnye,CAS,random-2,20,13.928571428571429,8.62473932153252,4,4.5120000000000005,11.64,3.5039999999999996
4569,Yeli_Dnye,Yeli_Dnye,CAS,random-3,20,13.928571428571429,8.62473932153252,6,3.144,16.968,2.0160000000000005
4569,Yeli_Dnye,Yeli_Dnye,CAS,random-4,20,13.928571428571429,8.62473932153252,2,1.632,2.3040000000000003,0
4569,Yeli_Dnye,Yeli_Dnye,CAS,random-5,20,13.928571428571429,8.62473932153252,7,1.824,15.144,39.048
4569,Yeli_Dnye,Yeli_Dnye,CAS,random-6,20,13.928571428571429,8.62473932153252,7,0,12.840000000000002,2.064
4569,Yeli_Dnye,Yeli_Dnye,CAS,random-7,20,13.928571428571429,8.62473932153252,8,0,29.184,18.408
4569,Yeli_Dnye,Yeli_Dnye,CAS,random-8,20,13.928571428571429,8.62473932153252,5,0.26399999999999996,50.544,0
4569,Yeli_Dnye,Yeli_Dnye,CAS,random-9,20,13.928571428571429,8.62473932153252,6,5.016,34.056,2.256
4995,NA_English,NA_English,WAR,1,9,13.928571428571429,8.62473932153252,2,0,4.5,21.42
4995,NA_English,NA_English,WAR,10,9,13.928571428571429,8.62473932153252,2,0.57,0.57,0
4995,NA_English,NA_English,WAR,11,9,13.928571428571429,8.62473932153252,1,4.59,4.59,0
4995,NA_English,NA_English,WAR,12,9,13.928571428571429,8.62473932153252,2,11.07,11.07,0.51
4995,NA_English,NA_English,WAR,13,9,13.928571428571429,8.62473932153252,2,1.0799999999999998,1.0799999999999998,2.04
4995,NA_English,NA_English,WAR,14,9,13.928571428571429,8.62473932153252,1,1.35,1.35,0
4995,NA_English,NA_English,WAR,15,9,13.928571428571429,8.62473932153252,0,0,0,0
4995,NA_English,NA_English,WAR,2,9,13.928571428571429,8.62473932153252,1,3.93,3.93,0
4995,NA_English,NA_English,WAR,3,9,13.928571428571429,8.62473932153252,2,7.08,7.08,0.69
4995,NA_English,NA_English,WAR,4,9,13.928571428571429,8.62473932153252,0,0,0,0
4995,NA_English,NA_English,WAR,5,9,13.928571428571429,8.62473932153252,0,0,0,0
4995,NA_English,NA_English,WAR,6,9,13.928571428571429,8.62473932153252,1,0.51,0.51,0
4995,NA_English,NA_English,WAR,7,9,13.928571428571429,8.62473932153252,0,0,0,0
4995,NA_English,NA_English,WAR,8,9,13.928571428571429,8.62473932153252,2,8.25,8.25,14.34
4995,NA_English,NA_English,WAR,9,9,13.928571428571429,8.62473932153252,0,0,0,0
5019,Yeli_Dnye,Yeli_Dnye,CAS,random-1,36,13.928571428571429,8.62473932153252,2,2.448,33.264,0
5019,Yeli_Dnye,Yeli_Dnye,CAS,random-2,36,13.928571428571429,8.62473932153252,6,6.672000000000001,29.784,7.872000000000001
5019,Yeli_Dnye,Yeli_Dnye,CAS,random-3,36,13.928571428571429,8.62473932153252,6,1.584,36.072,4.656000000000001
5019,Yeli_Dnye,Yeli_Dnye,CAS,random-4,36,13.928571428571429,8.62473932153252,19,4.272,21.096,41.784
5019,Yeli_Dnye,Yeli_Dnye,CAS,random-5,36,13.928571428571429,8.62473932153252,4,6.912,16.535999999999998,7.007999999999999
5019,Yeli_Dnye,Yeli_Dnye,CAS,random-6,36,13.928571428571429,8.62473932153252,4,1.2,15.216,1.536
5019,Yeli_Dnye,Yeli_Dnye,CAS,random-7,36,13.928571428571429,8.62473932153252,3,6.312,7.199999999999999,0
5019,Yeli_Dnye,Yeli_Dnye,CAS,random-8,36,13.928571428571429,8.62473932153252,8,0.792,16.895999999999997,13.224
5019,Yeli_Dnye,Yeli_Dnye,CAS,random-9,36,13.928571428571429,8.62473932153252,5,6.816,7.272,9.864
5613,NA_English,NA_English,WAR,1,6,13.928571428571429,8.62473932153252,4,0,3.57,17.61
5613,NA_English,NA_English,WAR,10,6,13.928571428571429,8.62473932153252,0,0,0,0
5613,NA_English,NA_English,WAR,11,6,13.928571428571429,8.62473932153252,6,0.39,11.61,18.06
5613,NA_English,NA_English,WAR,12,6,13.928571428571429,8.62473932153252,6,0,2.49,48.51
5613,NA_English,NA_English,WAR,13,6,13.928571428571429,8.62473932153252,5,1.44,4.26,30.54
5613,NA_English,NA_English,WAR,14,6,13.928571428571429,8.62473932153252,8,0,21.93,29.49
5613,NA_English,NA_English,WAR,15,6,13.928571428571429,8.62473932153252,8,0,40.71,42.54
5613,NA_English,NA_English,WAR,2,6,13.928571428571429,8.62473932153252,5,1.5599999999999998,2.82,31.56
5613,NA_English,NA_English,WAR,3,6,13.928571428571429,8.62473932153252,3,0.8999999999999999,2.28,2.46
5613,NA_English,NA_English,WAR,4,6,13.928571428571429,8.62473932153252,7,0,33.81,24.78
5613,NA_English,NA_English,WAR,5,6,13.928571428571429,8.62473932153252,0,0,0,0
5613,NA_English,NA_English,WAR,6,6,13.928571428571429,8.62473932153252,5,3.1799999999999997,5.130000000000001,21.63
5613,NA_English,NA_English,WAR,7,6,13.928571428571429,8.62473932153252,0,0,0,0
5613,NA_English,NA_English,WAR,8,6,13.928571428571429,8.62473932153252,1,6.3,6.3,0
5613,NA_English,NA_English,WAR,9,6,13.928571428571429,8.62473932153252,5,0.57,2.67,20.43
5750,NA_English,NA_English,BER,1,7,13.928571428571429,8.62473932153252,12,1.65,16.380000000000003,34.410000000000004
5750,NA_English,NA_English,BER,10,7,13.928571428571429,8.62473932153252,2,2.19,4.74,1.44
5750,NA_English,NA_English,BER,11,7,13.928571428571429,8.62473932153252,0,0,0,0
5750,NA_English,NA_English,BER,12,7,13.928571428571429,8.62473932153252,0,0,0,0
5750,NA_English,NA_English,BER,13,7,13.928571428571429,8.62473932153252,0,0,0,0
5750,NA_English,NA_English,BER,14,7,13.928571428571429,8.62473932153252,5,4.050000000000001,4.050000000000001,46.29
5750,NA_English,NA_English,BER,15,7,13.928571428571429,8.62473932153252,2,1.65,2.28,0.3
5750,NA_English,NA_English,BER,2,7,13.928571428571429,8.62473932153252,0,0,0,0
5750,NA_English,NA_English,BER,3,7,13.928571428571429,8.62473932153252,3,1.5599999999999998,8.91,7.98
5750,NA_English,NA_English,BER,4,7,13.928571428571429,8.62473932153252,0,0,0,0
5750,NA_English,NA_English,BER,5,7,13.928571428571429,8.62473932153252,0,0,0,0
5750,NA_English,NA_English,BER,6,7,13.928571428571429,8.62473932153252,2,3.15,11.31,3.66
5750,NA_English,NA_English,BER,7,7,13.928571428571429,8.62473932153252,4,0,0,69.09
5750,NA_English,NA_English,BER,8,7,13.928571428571429,8.62473932153252,2,9.78,9.78,1.59
5750,NA_English,NA_English,BER,9,7,13.928571428571429,8.62473932153252,3,0,18.6,11.07
5959,NA_English,NA_English,WAR,1,9,13.928571428571429,8.62473932153252,2,1.05,1.05,9.15
5959,NA_English,NA_English,WAR,10,9,13.928571428571429,8.62473932153252,2,6.03,6.03,2.94
5959,NA_English,NA_English,WAR,11,9,13.928571428571429,8.62473932153252,0,0,0,0
5959,NA_English,NA_English,WAR,12,9,13.928571428571429,8.62473932153252,0,0,0,0
5959,NA_English,NA_English,WAR,13,9,13.928571428571429,8.62473932153252,1,25.92,25.92,0
5959,NA_English,NA_English,WAR,14,9,13.928571428571429,8.62473932153252,1,10.71,10.71,0
5959,NA_English,NA_English,WAR,15,9,13.928571428571429,8.62473932153252,0,0,0,0
5959,NA_English,NA_English,WAR,2,9,13.928571428571429,8.62473932153252,2,0,0,14.25
5959,NA_English,NA_English,WAR,3,9,13.928571428571429,8.62473932153252,0,0,0,0
5959,NA_English,NA_English,WAR,4,9,13.928571428571429,8.62473932153252,0,0,0,0
5959,NA_English,NA_English,WAR,5,9,13.928571428571429,8.62473932153252,0,0,0,0
5959,NA_English,NA_English,WAR,6,9,13.928571428571429,8.62473932153252,2,0,0,21.66
5959,NA_English,NA_English,WAR,7,9,13.928571428571429,8.62473932153252,2,4.95,4.95,1.62
5959,NA_English,NA_English,WAR,8,9,13.928571428571429,8.62473932153252,0,0,0,0
5959,NA_English,NA_English,WAR,9,9,13.928571428571429,8.62473932153252,4,0,0.3,63.99
6026,Arg_Spanish,Arg_Spanish,ROS,1,27,13.928571428571429,8.62473932153252,4,3.48,9.18,17.939999999999998
6026,Arg_Spanish,Arg_Spanish,ROS,10,27,13.928571428571429,8.62473932153252,2,16.95,16.95,9
6026,Arg_Spanish,Arg_Spanish,ROS,11,27,13.928571428571429,8.62473932153252,11,24,27.15,2.1599999999999997
6026,Arg_Spanish,Arg_Spanish,ROS,12,27,13.928571428571429,8.62473932153252,6,5.58,16.770000000000003,3.0599999999999996
6026,Arg_Spanish,Arg_Spanish,ROS,13,27,13.928571428571429,8.62473932153252,12,0.24,0.84,0
6026,Arg_Spanish,Arg_Spanish,ROS,14,27,13.928571428571429,8.62473932153252,12,20.58,36.48,12.9
6026,Arg_Spanish,Arg_Spanish,ROS,15,27,13.928571428571429,8.62473932153252,9,3.66,22.59,18.03
6026,Arg_Spanish,Arg_Spanish,ROS,2,27,13.928571428571429,8.62473932153252,3,6.27,8.22,21.24
6026,Arg_Spanish,Arg_Spanish,ROS,3,27,13.928571428571429,8.62473932153252,3,11.28,14.37,5.37
6026,Arg_Spanish,Arg_Spanish,ROS,4,27,13.928571428571429,8.62473932153252,2,0.69,0.69,26.49
6026,Arg_Spanish,Arg_Spanish,ROS,5,27,13.928571428571429,8.62473932153252,2,4.4399999999999995,4.4399999999999995,25.02
6026,Arg_Spanish,Arg_Spanish,ROS,6,27,13.928571428571429,8.62473932153252,3,11.58,18.99,3.15
6026,Arg_Spanish,Arg_Spanish,ROS,7,27,13.928571428571429,8.62473932153252,1,24.18,24.18,2.25
6026,Arg_Spanish,Arg_Spanish,ROS,8,27,13.928571428571429,8.62473932153252,4,0,2.25,38.58
6026,Arg_Spanish,Arg_Spanish,ROS,9,27,13.928571428571429,8.62473932153252,11,7.71,19.98,18.57
6035,NA_English,NA_English,BER,1,12,13.928571428571429,8.62473932153252,3,8.13,8.13,19.86
6035,NA_English,NA_English,BER,10,12,13.928571428571429,8.62473932153252,0,0,0,0
6035,NA_English,NA_English,BER,11,12,13.928571428571429,8.62473932153252,2,0,0,31.32
6035,NA_English,NA_English,BER,12,12,13.928571428571429,8.62473932153252,0,0,0,0
6035,NA_English,NA_English,BER,13,12,13.928571428571429,8.62473932153252,4,10.14,10.14,19.38
6035,NA_English,NA_English,BER,14,12,13.928571428571429,8.62473932153252,2,8.280000000000001,8.280000000000001,14.76
6035,NA_English,NA_English,BER,15,12,13.928571428571429,8.62473932153252,0,0,0,0
6035,NA_English,NA_English,BER,2,12,13.928571428571429,8.62473932153252,4,4.41,4.41,41.19
6035,NA_English,NA_English,BER,3,12,13.928571428571429,8.62473932153252,0,0,0,0
6035,NA_English,NA_English,BER,4,12,13.928571428571429,8.62473932153252,0,0,0,0
6035,NA_English,NA_English,BER,5,12,13.928571428571429,8.62473932153252,0,0,0,0
6035,NA_English,NA_English,BER,6,12,13.928571428571429,8.62473932153252,6,7.199999999999999,14.37,22.17
6035,NA_English,NA_English,BER,7,12,13.928571428571429,8.62473932153252,3,12.39,12.39,20.520000000000003
6035,NA_English,NA_English,BER,8,12,13.928571428571429,8.62473932153252,0,0,0,0
6035,NA_English,NA_English,BER,9,12,13.928571428571429,8.62473932153252,0,0,0,0
6216,Tseltal,Tseltal,CAS,random-1,27,13.928571428571429,8.62473932153252,1,10.74,10.74,0
6216,Tseltal,Tseltal,CAS,random-2,27,13.928571428571429,8.62473932153252,1,16.548,16.548,0
6216,Tseltal,Tseltal,CAS,random-3,27,13.928571428571429,8.62473932153252,1,4.0440000000000005,4.0440000000000005,0
6216,Tseltal,Tseltal,CAS,random-4,27,13.928571428571429,8.62473932153252,2,0,0,14.676
6216,Tseltal,Tseltal,CAS,random-5,27,13.928571428571429,8.62473932153252,0,0,0,0
6216,Tseltal,Tseltal,CAS,random-6,27,13.928571428571429,8.62473932153252,3,6.5520000000000005,6.5520000000000005,10.008
6216,Tseltal,Tseltal,CAS,random-7,27,13.928571428571429,8.62473932153252,4,12.336,12.336,2.868
6216,Tseltal,Tseltal,CAS,random-8,27,13.928571428571429,8.62473932153252,4,7.668,8.556000000000001,5.712
6216,Tseltal,Tseltal,CAS,random-9,27,13.928571428571429,8.62473932153252,4,1.02,1.02,41.772
6934,Yeli_Dnye,Yeli_Dnye,CAS,random-1,17,13.928571428571429,8.62473932153252,8,0.552,5.712,14.496
6934,Yeli_Dnye,Yeli_Dnye,CAS,random-2,17,13.928571428571429,8.62473932153252,1,0,5.928,0
6934,Yeli_Dnye,Yeli_Dnye,CAS,random-3,17,13.928571428571429,8.62473932153252,9,0,56.904,25.896
6934,Yeli_Dnye,Yeli_Dnye,CAS,random-4,17,13.928571428571429,8.62473932153252,8,4.919999999999999,13.104,23.087999999999997
6934,Yeli_Dnye,Yeli_Dnye,CAS,random-5,17,13.928571428571429,8.62473932153252,6,0,7.176,8.591999999999999
6934,Yeli_Dnye,Yeli_Dnye,CAS,random-6,17,13.928571428571429,8.62473932153252,5,0.768,22.44,2.352
6934,Yeli_Dnye,Yeli_Dnye,CAS,random-7,17,13.928571428571429,8.62473932153252,6,3.768,27.6,0.672
6934,Yeli_Dnye,Yeli_Dnye,CAS,random-8,17,13.928571428571429,8.62473932153252,7,3.2880000000000003,16.775999999999996,7.223999999999999
6934,Yeli_Dnye,Yeli_Dnye,CAS,random-9,17,13.928571428571429,8.62473932153252,5,0.8879999999999999,16.272,19.488000000000003
7176,Tseltal,Tseltal,CAS,random-1,4,13.928571428571429,8.62473932153252,5,2.892,29.76,5.964
7176,Tseltal,Tseltal,CAS,random-2,4,13.928571428571429,8.62473932153252,0,0,0,0
7176,Tseltal,Tseltal,CAS,random-3,4,13.928571428571429,8.62473932153252,0,0,0,0
7176,Tseltal,Tseltal,CAS,random-4,4,13.928571428571429,8.62473932153252,0,0,0,0
7176,Tseltal,Tseltal,CAS,random-5,4,13.928571428571429,8.62473932153252,0,0,0,0
7176,Tseltal,Tseltal,CAS,random-6,4,13.928571428571429,8.62473932153252,0,0,0,0
7176,Tseltal,Tseltal,CAS,random-7,4,13.928571428571429,8.62473932153252,6,0,5.388,18.3
7176,Tseltal,Tseltal,CAS,random-8,4,13.928571428571429,8.62473932153252,6,6.887999999999999,10.356,26.364
7176,Tseltal,Tseltal,CAS,random-9,4,13.928571428571429,8.62473932153252,6,0,6.803999999999999,24.6
7220,Tseltal,Tseltal,CAS,random-1,22,13.928571428571429,8.62473932153252,5,23.94,35.64000000000001,41.604
7220,Tseltal,Tseltal,CAS,random-2,22,13.928571428571429,8.62473932153252,6,21.972,25.368,42.251999999999995
7220,Tseltal,Tseltal,CAS,random-3,22,13.928571428571429,8.62473932153252,5,1.572,14.484,27.384
7220,Tseltal,Tseltal,CAS,random-4,22,13.928571428571429,8.62473932153252,5,0,1.464,63.012
7220,Tseltal,Tseltal,CAS,random-5,22,13.928571428571429,8.62473932153252,6,3.624,9.348,8.904
7220,Tseltal,Tseltal,CAS,random-6,22,13.928571428571429,8.62473932153252,3,0,0,53.664
7220,Tseltal,Tseltal,CAS,random-7,22,13.928571428571429,8.62473932153252,2,0,0.13199999999999998,0.5040000000000001
7220,Tseltal,Tseltal,CAS,random-8,22,13.928571428571429,8.62473932153252,4,0,0.744,43.908
7220,Tseltal,Tseltal,CAS,random-9,22,13.928571428571429,8.62473932153252,7,1.0799999999999998,20.34,16.476
7326,Tseltal,Tseltal,CAS,random-1,14,13.928571428571429,8.62473932153252,8,0.36,4.356,52.068000000000005
7326,Tseltal,Tseltal,CAS,random-2,14,13.928571428571429,8.62473932153252,3,6.6000000000000005,9.492,0.396
7326,Tseltal,Tseltal,CAS,random-3,14,13.928571428571429,8.62473932153252,6,0.48,1.536,16.224
7326,Tseltal,Tseltal,CAS,random-4,14,13.928571428571429,8.62473932153252,0,0,0,0
7326,Tseltal,Tseltal,CAS,random-5,14,13.928571428571429,8.62473932153252,3,9.576,13.644,14.592
7326,Tseltal,Tseltal,CAS,random-6,14,13.928571428571429,8.62473932153252,3,10.62,15,0.972
7326,Tseltal,Tseltal,CAS,random-7,14,13.928571428571429,8.62473932153252,0,0,0,0
7326,Tseltal,Tseltal,CAS,random-8,14,13.928571428571429,8.62473932153252,1,1.296,1.296,0
7326,Tseltal,Tseltal,CAS,random-9,14,13.928571428571429,8.62473932153252,1,15.492,15.492,0
7758,NA_English,NA_English,BER,1,17,13.928571428571429,8.62473932153252,0,0,0,0
7758,NA_English,NA_English,BER,10,17,13.928571428571429,8.62473932153252,1,33.839999999999996,33.839999999999996,0
7758,NA_English,NA_English,BER,11,17,13.928571428571429,8.62473932153252,0,0,0,0
7758,NA_English,NA_English,BER,12,17,13.928571428571429,8.62473932153252,2,3.09,3.09,8.370000000000001
7758,NA_English,NA_English,BER,13,17,13.928571428571429,8.62473932153252,0,0,0,0
7758,NA_English,NA_English,BER,14,17,13.928571428571429,8.62473932153252,1,6.239999999999999,6.239999999999999,0
7758,NA_English,NA_English,BER,15,17,13.928571428571429,8.62473932153252,1,1.5,1.5,0
7758,NA_English,NA_English,BER,2,17,13.928571428571429,8.62473932153252,0,0,0,0
7758,NA_English,NA_English,BER,3,17,13.928571428571429,8.62473932153252,0,0,0,0
7758,NA_English,NA_English,BER,4,17,13.928571428571429,8.62473932153252,0,0,0,0
7758,NA_English,NA_English,BER,5,17,13.928571428571429,8.62473932153252,2,4.92,4.92,6.6
7758,NA_English,NA_English,BER,6,17,13.928571428571429,8.62473932153252,0,0,0,0
7758,NA_English,NA_English,BER,7,17,13.928571428571429,8.62473932153252,0,0,0,0
7758,NA_English,NA_English,BER,8,17,13.928571428571429,8.62473932153252,1,6.359999999999999,6.359999999999999,0
7758,NA_English,NA_English,BER,9,17,13.928571428571429,8.62473932153252,0,0,0,0
7798,UK_English,UK_English,ROW,1,11,13.928571428571429,8.62473932153252,0,0,0,0
7798,UK_English,UK_English,ROW,10,11,13.928571428571429,8.62473932153252,0,0,0,0
7798,UK_English,UK_English,ROW,11,11,13.928571428571429,8.62473932153252,0,0,0,0
7798,UK_English,UK_English,ROW,12,11,13.928571428571429,8.62473932153252,4,0.3,0.3,30.69
7798,UK_English,UK_English,ROW,13,11,13.928571428571429,8.62473932153252,2,11.52,11.52,0.63
7798,UK_English,UK_English,ROW,14,11,13.928571428571429,8.62473932153252,7,1.41,1.41,26.22
7798,UK_English,UK_English,ROW,15,11,13.928571428571429,8.62473932153252,1,15.21,15.21,0
7798,UK_English,UK_English,ROW,2,11,13.928571428571429,8.62473932153252,0,0,0,0
7798,UK_English,UK_English,ROW,3,11,13.928571428571429,8.62473932153252,1,5.76,5.76,0
7798,UK_English,UK_English,ROW,4,11,13.928571428571429,8.62473932153252,3,18.66,18.66,15.99
7798,UK_English,UK_English,ROW,5,11,13.928571428571429,8.62473932153252,4,14.52,14.52,32.580000000000005
7798,UK_English,UK_English,ROW,6,11,13.928571428571429,8.62473932153252,0,0,0,0
7798,UK_English,UK_English,ROW,7,11,13.928571428571429,8.62473932153252,4,0.6,0.6,8.040000000000001
7798,UK_English,UK_English,ROW,8,11,13.928571428571429,8.62473932153252,4,7.29,7.29,29.73
7798,UK_English,UK_English,ROW,9,11,13.928571428571429,8.62473932153252,0,0,0,0
7903,Arg_Spanish,Arg_Spanish,ROS,1,18,13.928571428571429,8.62473932153252,2,3.75,8.52,1.5
7903,Arg_Spanish,Arg_Spanish,ROS,10,18,13.928571428571429,8.62473932153252,2,1.41,1.41,46.169999999999995
7903,Arg_Spanish,Arg_Spanish,ROS,11,18,13.928571428571429,8.62473932153252,3,3.03,4.56,0
7903,Arg_Spanish,Arg_Spanish,ROS,12,18,13.928571428571429,8.62473932153252,2,5.3999999999999995,7.23,1.98
7903,Arg_Spanish,Arg_Spanish,ROS,13,18,13.928571428571429,8.62473932153252,2,2.43,7.32,5.76
7903,Arg_Spanish,Arg_Spanish,ROS,14,18,13.928571428571429,8.62473932153252,1,0,0,4.17
7903,Arg_Spanish,Arg_Spanish,ROS,15,18,13.928571428571429,8.62473932153252,2,2.46,5.31,2.31
7903,Arg_Spanish,Arg_Spanish,ROS,2,18,13.928571428571429,8.62473932153252,2,0,0,0.96
7903,Arg_Spanish,Arg_Spanish,ROS,3,18,13.928571428571429,8.62473932153252,3,8.13,8.13,22.47
7903,Arg_Spanish,Arg_Spanish,ROS,4,18,13.928571428571429,8.62473932153252,3,0.72,0.72,43.86
7903,Arg_Spanish,Arg_Spanish,ROS,5,18,13.928571428571429,8.62473932153252,1,3.15,3.15,0
7903,Arg_Spanish,Arg_Spanish,ROS,6,18,13.928571428571429,8.62473932153252,2,0,3.24,0.42
7903,Arg_Spanish,Arg_Spanish,ROS,7,18,13.928571428571429,8.62473932153252,3,7.14,13.11,10.98
7903,Arg_Spanish,Arg_Spanish,ROS,8,18,13.928571428571429,8.62473932153252,2,0.51,1.86,4.29
7903,Arg_Spanish,Arg_Spanish,ROS,9,18,13.928571428571429,8.62473932153252,1,3.96,3.96,0
8018,Yeli_Dnye,Yeli_Dnye,CAS,random-1,9,13.928571428571429,8.62473932153252,8,5.688,10.368,41.208000000000006
8018,Yeli_Dnye,Yeli_Dnye,CAS,random-2,9,13.928571428571429,8.62473932153252,9,2.4240000000000004,9.288,37.175999999999995
8018,Yeli_Dnye,Yeli_Dnye,CAS,random-3,9,13.928571428571429,8.62473932153252,7,4.584,10.104,17.928
8018,Yeli_Dnye,Yeli_Dnye,CAS,random-4,9,13.928571428571429,8.62473932153252,7,0.12,13.848,11.256
8018,Yeli_Dnye,Yeli_Dnye,CAS,random-5,9,13.928571428571429,8.62473932153252,8,0.216,5.159999999999999,21.72
8018,Yeli_Dnye,Yeli_Dnye,CAS,random-6,9,13.928571428571429,8.62473932153252,1,0,0,0
8018,Yeli_Dnye,Yeli_Dnye,CAS,random-7,9,13.928571428571429,8.62473932153252,3,0,1.824,28.031999999999996
8018,Yeli_Dnye,Yeli_Dnye,CAS,random-8,9,13.928571428571429,8.62473932153252,8,4.656000000000001,36.96,16.128000000000004
8018,Yeli_Dnye,Yeli_Dnye,CAS,random-9,9,13.928571428571429,8.62473932153252,8,1.368,12.144,32.616
8179,Tseltal,Tseltal,CAS,random-1,6,13.928571428571429,8.62473932153252,6,0,5.292,18.491999999999997
8179,Tseltal,Tseltal,CAS,random-2,6,13.928571428571429,8.62473932153252,7,0.228,2.22,18.756
8179,Tseltal,Tseltal,CAS,random-3,6,13.928571428571429,8.62473932153252,8,1.344,17.820000000000004,0.408
8179,Tseltal,Tseltal,CAS,random-4,6,13.928571428571429,8.62473932153252,9,0,15.264,19.32
8179,Tseltal,Tseltal,CAS,random-5,6,13.928571428571429,8.62473932153252,10,1.0559999999999998,23.1,30.40799999999999
8179,Tseltal,Tseltal,CAS,random-6,6,13.928571428571429,8.62473932153252,7,1.2120000000000002,5.964,24.516
8179,Tseltal,Tseltal,CAS,random-7,6,13.928571428571429,8.62473932153252,7,4.476,8.292,18.576
8179,Tseltal,Tseltal,CAS,random-8,6,13.928571428571429,8.62473932153252,7,3.852,10.956,4.319999999999999
8179,Tseltal,Tseltal,CAS,random-9,6,13.928571428571429,8.62473932153252,7,3.852,5.244000000000001,20.496
8357,UK_English,UK_English,ROW,1,12,13.928571428571429,8.62473932153252,4,5.91,10.260000000000002,10.86
8357,UK_English,UK_English,ROW,10,12,13.928571428571429,8.62473932153252,2,2.91,6.66,3.1799999999999997
8357,UK_English,UK_English,ROW,11,12,13.928571428571429,8.62473932153252,3,3.27,5.55,19.26
8357,UK_English,UK_English,ROW,12,12,13.928571428571429,8.62473932153252,2,0.51,8.879999999999999,17.669999999999998
8357,UK_English,UK_English,ROW,13,12,13.928571428571429,8.62473932153252,0,0,0,0
8357,UK_English,UK_English,ROW,14,12,13.928571428571429,8.62473932153252,0,0,0,0
8357,UK_English,UK_English,ROW,15,12,13.928571428571429,8.62473932153252,2,10.260000000000002,25.71,5.970000000000001
8357,UK_English,UK_English,ROW,2,12,13.928571428571429,8.62473932153252,2,1.41,1.86,6.0600000000000005
8357,UK_English,UK_English,ROW,3,12,13.928571428571429,8.62473932153252,0,0,0,0
8357,UK_English,UK_English,ROW,4,12,13.928571428571429,8.62473932153252,0,0,0,0
8357,UK_English,UK_English,ROW,5,12,13.928571428571429,8.62473932153252,0,0,0,0
8357,UK_English,UK_English,ROW,6,12,13.928571428571429,8.62473932153252,3,1.2,4.050000000000001,8.31
8357,UK_English,UK_English,ROW,7,12,13.928571428571429,8.62473932153252,1,5.91,5.91,0
8357,UK_English,UK_English,ROW,8,12,13.928571428571429,8.62473932153252,2,16.17,16.17,6.21
8357,UK_English,UK_English,ROW,9,12,13.928571428571429,8.62473932153252,3,5.010000000000001,13.74,8.459999999999999
8427,Yeli_Dnye,Yeli_Dnye,CAS,random-1,2,13.928571428571429,8.62473932153252,4,4.992,8.352,4.488
8427,Yeli_Dnye,Yeli_Dnye,CAS,random-2,2,13.928571428571429,8.62473932153252,4,2.3280000000000003,3.4799999999999995,7.704000000000001
8427,Yeli_Dnye,Yeli_Dnye,CAS,random-3,2,13.928571428571429,8.62473932153252,4,0,8.832,6.5520000000000005
8427,Yeli_Dnye,Yeli_Dnye,CAS,random-4,2,13.928571428571429,8.62473932153252,10,0.8160000000000001,7.032,28.776000000000003
8427,Yeli_Dnye,Yeli_Dnye,CAS,random-5,2,13.928571428571429,8.62473932153252,5,0,16.368000000000002,16.56
8427,Yeli_Dnye,Yeli_Dnye,CAS,random-6,2,13.928571428571429,8.62473932153252,3,5.159999999999999,6.5280000000000005,15.624
8427,Yeli_Dnye,Yeli_Dnye,CAS,random-7,2,13.928571428571429,8.62473932153252,2,0,6.36,1.848
8427,Yeli_Dnye,Yeli_Dnye,CAS,random-8,2,13.928571428571429,8.62473932153252,2,7.512,26.688,1.488
8427,Yeli_Dnye,Yeli_Dnye,CAS,random-9,2,13.928571428571429,8.62473932153252,4,0,5.52,1.584
8445,NA_English,NA_English,SOD,1,8,13.928571428571429,8.62473932153252,0,0,0,0
8445,NA_English,NA_English,SOD,10,8,13.928571428571429,8.62473932153252,4,6.87,6.87,4.5
8445,NA_English,NA_English,SOD,11,8,13.928571428571429,8.62473932153252,1,45.78,45.78,0
8445,NA_English,NA_English,SOD,12,8,13.928571428571429,8.62473932153252,2,27.48,27.69,9.57
8445,NA_English,NA_English,SOD,13,8,13.928571428571429,8.62473932153252,3,3.57,3.57,20.4
8445,NA_English,NA_English,SOD,14,8,13.928571428571429,8.62473932153252,2,0.09,0.09,6.72
8445,NA_English,NA_English,SOD,15,8,13.928571428571429,8.62473932153252,3,2.19,2.19,2.37
8445,NA_English,NA_English,SOD,2,8,13.928571428571429,8.62473932153252,1,6.03,6.03,0
8445,NA_English,NA_English,SOD,3,8,13.928571428571429,8.62473932153252,1,18.06,18.06,0.8099999999999999
8445,NA_English,NA_English,SOD,4,8,13.928571428571429,8.62473932153252,2,4.65,4.65,5.04
8445,NA_English,NA_English,SOD,5,8,13.928571428571429,8.62473932153252,2,4.2,4.2,1.5299999999999998
8445,NA_English,NA_English,SOD,6,8,13.928571428571429,8.62473932153252,0,0,0,0
8445,NA_English,NA_English,SOD,7,8,13.928571428571429,8.62473932153252,4,9.45,9.45,14.22
8445,NA_English,NA_English,SOD,8,8,13.928571428571429,8.62473932153252,2,5.010000000000001,5.010000000000001,22.02
8445,NA_English,NA_English,SOD,9,8,13.928571428571429,8.62473932153252,2,18.42,18.42,6.27
8768,NA_English,NA_English,SOD,10,12,13.928571428571429,8.62473932153252,3,10.41,10.41,33.9
8768,NA_English,NA_English,SOD,11,12,13.928571428571429,8.62473932153252,0,0,0,0
8768,NA_English,NA_English,SOD,12,12,13.928571428571429,8.62473932153252,3,5.67,5.67,28.29
8768,NA_English,NA_English,SOD,13,12,13.928571428571429,8.62473932153252,2,6.39,6.39,10.14
8768,NA_English,NA_English,SOD,14,12,13.928571428571429,8.62473932153252,3,9.45,9.45,6.03
8768,NA_English,NA_English,SOD,15,12,13.928571428571429,8.62473932153252,3,1.89,9.03,18.63
8768,NA_English,NA_English,SOD,16,12,13.928571428571429,8.62473932153252,2,7.47,7.47,0
8768,NA_English,NA_English,SOD,2,12,13.928571428571429,8.62473932153252,0,0,0,0
8768,NA_English,NA_English,SOD,3,12,13.928571428571429,8.62473932153252,2,0,0,14.52
8768,NA_English,NA_English,SOD,4,12,13.928571428571429,8.62473932153252,0,0,0,0
8768,NA_English,NA_English,SOD,5,12,13.928571428571429,8.62473932153252,2,5.55,5.55,5.49
8768,NA_English,NA_English,SOD,6,12,13.928571428571429,8.62473932153252,1,14.64,14.64,0
8768,NA_English,NA_English,SOD,7,12,13.928571428571429,8.62473932153252,5,0,0,6.75
8768,NA_English,NA_English,SOD,8,12,13.928571428571429,8.62473932153252,1,1.95,1.95,0
8768,NA_English,NA_English,SOD,9,12,13.928571428571429,8.62473932153252,2,5.76,7.65,33.6
8787,Tseltal,Tseltal,CAS,random-1,11,13.928571428571429,8.62473932153252,6,3.3120000000000003,7.356,36.84
8787,Tseltal,Tseltal,CAS,random-2,11,13.928571428571429,8.62473932153252,2,3.4919999999999995,3.4919999999999995,17.292
8787,Tseltal,Tseltal,CAS,random-3,11,13.928571428571429,8.62473932153252,0,0,0,0
8787,Tseltal,Tseltal,CAS,random-4,11,13.928571428571429,8.62473932153252,1,0,6.132,0
8787,Tseltal,Tseltal,CAS,random-5,11,13.928571428571429,8.62473932153252,1,4.4639999999999995,4.4639999999999995,0
8787,Tseltal,Tseltal,CAS,random-6,11,13.928571428571429,8.62473932153252,3,14.352,17.652,15.36
8787,Tseltal,Tseltal,CAS,random-7,11,13.928571428571429,8.62473932153252,6,5.136,14.340000000000002,6.9479999999999995
8787,Tseltal,Tseltal,CAS,random-8,11,13.928571428571429,8.62473932153252,7,1.38,7.032,28.716
8787,Tseltal,Tseltal,CAS,random-9,11,13.928571428571429,8.62473932153252,6,3.78,14.04,35.94
8788,Arg_Spanish,Arg_Spanish,ROS,1,21,13.928571428571429,8.62473932153252,1,1.26,1.26,0
8788,Arg_Spanish,Arg_Spanish,ROS,10,21,13.928571428571429,8.62473932153252,3,0.3,0.3,43.98
8788,Arg_Spanish,Arg_Spanish,ROS,11,21,13.928571428571429,8.62473932153252,2,0.96,0.96,0
8788,Arg_Spanish,Arg_Spanish,ROS,12,21,13.928571428571429,8.62473932153252,3,2.04,2.25,0
8788,Arg_Spanish,Arg_Spanish,ROS,13,21,13.928571428571429,8.62473932153252,1,3,4.2,0
8788,Arg_Spanish,Arg_Spanish,ROS,14,21,13.928571428571429,8.62473932153252,3,9.99,9.99,2.19
8788,Arg_Spanish,Arg_Spanish,ROS,15,21,13.928571428571429,8.62473932153252,1,1.74,1.74,0
8788,Arg_Spanish,Arg_Spanish,ROS,2,21,13.928571428571429,8.62473932153252,0,0,0,0
8788,Arg_Spanish,Arg_Spanish,ROS,3,21,13.928571428571429,8.62473932153252,0,0,0,0
8788,Arg_Spanish,Arg_Spanish,ROS,4,21,13.928571428571429,8.62473932153252,3,0,1.89,30.24
8788,Arg_Spanish,Arg_Spanish,ROS,5,21,13.928571428571429,8.62473932153252,3,0.51,0.51,30.449999999999996
8788,Arg_Spanish,Arg_Spanish,ROS,6,21,13.928571428571429,8.62473932153252,1,0,0,0
8788,Arg_Spanish,Arg_Spanish,ROS,7,21,13.928571428571429,8.62473932153252,3,12.78,14.76,29.76
8788,Arg_Spanish,Arg_Spanish,ROS,8,21,13.928571428571429,8.62473932153252,1,0,0,0
8788,Arg_Spanish,Arg_Spanish,ROS,9,21,13.928571428571429,8.62473932153252,4,5.34,5.34,38.64
8924,NA_English,NA_English,SOD,1,11,13.928571428571429,8.62473932153252,0,0,0,0
8924,NA_English,NA_English,SOD,10,11,13.928571428571429,8.62473932153252,2,3.72,3.72,14.43
8924,NA_English,NA_English,SOD,11,11,13.928571428571429,8.62473932153252,4,0,0,12.06
8924,NA_English,NA_English,SOD,12,11,13.928571428571429,8.62473932153252,2,9.99,9.99,0
8924,NA_English,NA_English,SOD,13,11,13.928571428571429,8.62473932153252,7,0,0.7799999999999999,12.33
8924,NA_English,NA_English,SOD,14,11,13.928571428571429,8.62473932153252,5,0,2.1599999999999997,13.98
8924,NA_English,NA_English,SOD,15,11,13.928571428571429,8.62473932153252,1,18.27,18.27,0
8924,NA_English,NA_English,SOD,2,11,13.928571428571429,8.62473932153252,0,0,0,0
8924,NA_English,NA_English,SOD,3,11,13.928571428571429,8.62473932153252,2,0,0,44.010000000000005
8924,NA_English,NA_English,SOD,4,11,13.928571428571429,8.62473932153252,2,0,0,39.629999999999995
8924,NA_English,NA_English,SOD,5,11,13.928571428571429,8.62473932153252,3,7.199999999999999,7.199999999999999,17.7
8924,NA_English,NA_English,SOD,6,11,13.928571428571429,8.62473932153252,3,0,0,2.94
8924,NA_English,NA_English,SOD,7,11,13.928571428571429,8.62473932153252,5,17.58,17.58,18.57
8924,NA_English,NA_English,SOD,8,11,13.928571428571429,8.62473932153252,5,9.9,10.29,8.190000000000001
8924,NA_English,NA_English,SOD,9,11,13.928571428571429,8.62473932153252,2,7.0200000000000005,7.29,10.11
9051,Arg_Spanish,Arg_Spanish,ROS,1,19,13.928571428571429,8.62473932153252,0,0,0,0
9051,Arg_Spanish,Arg_Spanish,ROS,10,19,13.928571428571429,8.62473932153252,0,0,0,0
9051,Arg_Spanish,Arg_Spanish,ROS,11,19,13.928571428571429,8.62473932153252,0,0,0,0
9051,Arg_Spanish,Arg_Spanish,ROS,12,19,13.928571428571429,8.62473932153252,3,0.75,0.75,0
9051,Arg_Spanish,Arg_Spanish,ROS,13,19,13.928571428571429,8.62473932153252,0,0,0,0
9051,Arg_Spanish,Arg_Spanish,ROS,14,19,13.928571428571429,8.62473932153252,0,0,0,0
9051,Arg_Spanish,Arg_Spanish,ROS,15,19,13.928571428571429,8.62473932153252,0,0,0,0
9051,Arg_Spanish,Arg_Spanish,ROS,2,19,13.928571428571429,8.62473932153252,0,0,0,0
9051,Arg_Spanish,Arg_Spanish,ROS,3,19,13.928571428571429,8.62473932153252,1,7.74,7.74,0
9051,Arg_Spanish,Arg_Spanish,ROS,4,19,13.928571428571429,8.62473932153252,2,0,7.17,7.74
9051,Arg_Spanish,Arg_Spanish,ROS,5,19,13.928571428571429,8.62473932153252,2,0,1.11,2.22
9051,Arg_Spanish,Arg_Spanish,ROS,6,19,13.928571428571429,8.62473932153252,1,0,0.21,0
9051,Arg_Spanish,Arg_Spanish,ROS,7,19,13.928571428571429,8.62473932153252,0,0,0,0
9051,Arg_Spanish,Arg_Spanish,ROS,8,19,13.928571428571429,8.62473932153252,1,9.9,9.9,0
9051,Arg_Spanish,Arg_Spanish,ROS,9,19,13.928571428571429,8.62473932153252,2,2.5500000000000003,8.52,13.83
9398,NA_English,NA_English,WAR,1,6,13.928571428571429,8.62473932153252,0,0,0,0
9398,NA_English,NA_English,WAR,10,6,13.928571428571429,8.62473932153252,0,0,0,0
9398,NA_English,NA_English,WAR,11,6,13.928571428571429,8.62473932153252,0,0,0,0
9398,NA_English,NA_English,WAR,12,6,13.928571428571429,8.62473932153252,1,1.11,1.11,0
9398,NA_English,NA_English,WAR,13,6,13.928571428571429,8.62473932153252,0,0,0,0
9398,NA_English,NA_English,WAR,14,6,13.928571428571429,8.62473932153252,0,0,0,0
9398,NA_English,NA_English,WAR,15,6,13.928571428571429,8.62473932153252,2,6.930000000000001,6.930000000000001,3.33
9398,NA_English,NA_English,WAR,2,6,13.928571428571429,8.62473932153252,1,0.72,0.72,0
9398,NA_English,NA_English,WAR,3,6,13.928571428571429,8.62473932153252,1,54.09,54.09,0
9398,NA_English,NA_English,WAR,4,6,13.928571428571429,8.62473932153252,1,0.72,0.72,0
9398,NA_English,NA_English,WAR,5,6,13.928571428571429,8.62473932153252,1,1.86,1.86,0
9398,NA_English,NA_English,WAR,6,6,13.928571428571429,8.62473932153252,0,0,0,0
9398,NA_English,NA_English,WAR,7,6,13.928571428571429,8.62473932153252,1,1.5,1.5,0
9398,NA_English,NA_English,WAR,8,6,13.928571428571429,8.62473932153252,2,1.0799999999999998,1.0799999999999998,1.17
9398,NA_English,NA_English,WAR,9,6,13.928571428571429,8.62473932153252,2,20.88,20.88,0.63
9408,UK_English,UK_English,ROW,1,27,13.928571428571429,8.62473932153252,3,6.66,13.95,4.59
9408,UK_English,UK_English,ROW,10,27,13.928571428571429,8.62473932153252,0,0,0,0
9408,UK_English,UK_English,ROW,11,27,13.928571428571429,8.62473932153252,1,1.14,1.14,0
9408,UK_English,UK_English,ROW,12,27,13.928571428571429,8.62473932153252,2,0,0,31.11
9408,UK_English,UK_English,ROW,13,27,13.928571428571429,8.62473932153252,0,0,0,0
9408,UK_English,UK_English,ROW,14,27,13.928571428571429,8.62473932153252,0,0,0,0
9408,UK_English,UK_English,ROW,15,27,13.928571428571429,8.62473932153252,0,0,0,0
9408,UK_English,UK_English,ROW,2,27,13.928571428571429,8.62473932153252,2,10.08,10.08,0
9408,UK_English,UK_English,ROW,3,27,13.928571428571429,8.62473932153252,2,0.24,1.5599999999999998,5.91
9408,UK_English,UK_English,ROW,4,27,13.928571428571429,8.62473932153252,0,0,0,0
9408,UK_English,UK_English,ROW,5,27,13.928571428571429,8.62473932153252,0,0,0,0
9408,UK_English,UK_English,ROW,6,27,13.928571428571429,8.62473932153252,2,4.17,4.17,7.71
9408,UK_English,UK_English,ROW,7,27,13.928571428571429,8.62473932153252,0,0,0,0
9408,UK_English,UK_English,ROW,8,27,13.928571428571429,8.62473932153252,0,0,0,0
9408,UK_English,UK_English,ROW,9,27,13.928571428571429,8.62473932153252,2,6.03,6.239999999999999,0.09
9426,Arg_Spanish,Arg_Spanish,ROS,1,16,13.928571428571429,8.62473932153252,1,0,0,0
9426,Arg_Spanish,Arg_Spanish,ROS,10,16,13.928571428571429,8.62473932153252,2,6.359999999999999,24.24,1.59
9426,Arg_Spanish,Arg_Spanish,ROS,11,16,13.928571428571429,8.62473932153252,6,8.07,12.39,4.83
9426,Arg_Spanish,Arg_Spanish,ROS,12,16,13.928571428571429,8.62473932153252,2,0,0,0
9426,Arg_Spanish,Arg_Spanish,ROS,13,16,13.928571428571429,8.62473932153252,3,4.319999999999999,5.79,0.6
9426,Arg_Spanish,Arg_Spanish,ROS,14,16,13.928571428571429,8.62473932153252,7,10.44,10.44,10.86
9426,Arg_Spanish,Arg_Spanish,ROS,15,16,13.928571428571429,8.62473932153252,1,0.5399999999999999,0.5399999999999999,0
9426,Arg_Spanish,Arg_Spanish,ROS,2,16,13.928571428571429,8.62473932153252,2,1.92,15.81,5.82
9426,Arg_Spanish,Arg_Spanish,ROS,3,16,13.928571428571429,8.62473932153252,2,3.51,3.51,0.26999999999999996
9426,Arg_Spanish,Arg_Spanish,ROS,4,16,13.928571428571429,8.62473932153252,2,11.88,16.5,5.52
9426,Arg_Spanish,Arg_Spanish,ROS,5,16,13.928571428571429,8.62473932153252,2,1.35,1.86,1.0799999999999998
9426,Arg_Spanish,Arg_Spanish,ROS,6,16,13.928571428571429,8.62473932153252,3,3.1199999999999997,3.81,0.42
9426,Arg_Spanish,Arg_Spanish,ROS,7,16,13.928571428571429,8.62473932153252,4,1.38,3.33,12.18
9426,Arg_Spanish,Arg_Spanish,ROS,8,16,13.928571428571429,8.62473932153252,2,0,13.74,11.7
9426,Arg_Spanish,Arg_Spanish,ROS,9,16,13.928571428571429,8.62473932153252,3,0.6,5.34,7.59
9427,NA_English,NA_English,WAR,1,9,13.928571428571429,8.62473932153252,0,0,0,0
9427,NA_English,NA_English,WAR,10,9,13.928571428571429,8.62473932153252,0,0,0,0
9427,NA_English,NA_English,WAR,11,9,13.928571428571429,8.62473932153252,3,0.45,4.86,9.78
9427,NA_English,NA_English,WAR,12,9,13.928571428571429,8.62473932153252,3,4.53,4.53,54.3
9427,NA_English,NA_English,WAR,13,9,13.928571428571429,8.62473932153252,2,4.47,4.47,23.13
9427,NA_English,NA_English,WAR,14,9,13.928571428571429,8.62473932153252,1,6.87,6.87,0
9427,NA_English,NA_English,WAR,15,9,13.928571428571429,8.62473932153252,2,0,0,18.27
9427,NA_English,NA_English,WAR,2,9,13.928571428571429,8.62473932153252,1,1.71,1.71,11.28
9427,NA_English,NA_English,WAR,3,9,13.928571428571429,8.62473932153252,2,1.0799999999999998,1.0799999999999998,6.6
9427,NA_English,NA_English,WAR,4,9,13.928571428571429,8.62473932153252,8,5.130000000000001,7.800000000000001,21.87
9427,NA_English,NA_English,WAR,5,9,13.928571428571429,8.62473932153252,0,0,0,0
9427,NA_English,NA_English,WAR,6,9,13.928571428571429,8.62473932153252,0,0,0,0
9427,NA_English,NA_English,WAR,7,9,13.928571428571429,8.62473932153252,1,1.7999999999999998,1.7999999999999998,0
9427,NA_English,NA_English,WAR,8,9,13.928571428571429,8.62473932153252,1,6.6,6.6,0
9427,NA_English,NA_English,WAR,9,9,13.928571428571429,8.62473932153252,4,6.42,6.42,7.74
9492,UK_English,UK_English,ROW,1,15,13.928571428571429,8.62473932153252,2,4.68,13.89,5.79
9492,UK_English,UK_English,ROW,10,15,13.928571428571429,8.62473932153252,0,0,0,0
9492,UK_English,UK_English,ROW,11,15,13.928571428571429,8.62473932153252,1,0,1.2899999999999998,0
9492,UK_English,UK_English,ROW,12,15,13.928571428571429,8.62473932153252,0,0,0,0
9492,UK_English,UK_English,ROW,13,15,13.928571428571429,8.62473932153252,0,0,0,0
9492,UK_English,UK_English,ROW,14,15,13.928571428571429,8.62473932153252,1,0,0,0
9492,UK_English,UK_English,ROW,15,15,13.928571428571429,8.62473932153252,2,0.96,0.96,1.5599999999999998
9492,UK_English,UK_English,ROW,2,15,13.928571428571429,8.62473932153252,3,3.36,12.87,5.94
9492,UK_English,UK_English,ROW,3,15,13.928571428571429,8.62473932153252,3,3.42,5.34,1.44
9492,UK_English,UK_English,ROW,4,15,13.928571428571429,8.62473932153252,4,1.38,2.1,9.03
9492,UK_English,UK_English,ROW,5,15,13.928571428571429,8.62473932153252,3,2.6399999999999997,17.43,12
9492,UK_English,UK_English,ROW,6,15,13.928571428571429,8.62473932153252,3,0.21,0.69,16.05
9492,UK_English,UK_English,ROW,7,15,13.928571428571429,8.62473932153252,2,5.49,6.27,1.5
9492,UK_English,UK_English,ROW,8,15,13.928571428571429,8.62473932153252,2,1.14,1.14,0
9492,UK_English,UK_English,ROW,9,15,13.928571428571429,8.62473932153252,0,0,0,0
9527,NA_English,NA_English,SOD,1,12,13.928571428571429,8.62473932153252,1,4.95,4.95,0
9527,NA_English,NA_English,SOD,10,12,13.928571428571429,8.62473932153252,1,6.9,6.9,0
9527,NA_English,NA_English,SOD,11,12,13.928571428571429,8.62473932153252,0,0,0,0
9527,NA_English,NA_English,SOD,12,12,13.928571428571429,8.62473932153252,3,2.67,4.319999999999999,31.56
9527,NA_English,NA_English,SOD,13,12,13.928571428571429,8.62473932153252,0,0,0,0
9527,NA_English,NA_English,SOD,14,12,13.928571428571429,8.62473932153252,0,0,0,0
9527,NA_English,NA_English,SOD,15,12,13.928571428571429,8.62473932153252,3,15.24,15.66,0
9527,NA_English,NA_English,SOD,2,12,13.928571428571429,8.62473932153252,0,0,0,0
9527,NA_English,NA_English,SOD,3,12,13.928571428571429,8.62473932153252,0,0,0,0
9527,NA_English,NA_English,SOD,4,12,13.928571428571429,8.62473932153252,1,4.56,4.56,0
9527,NA_English,NA_English,SOD,5,12,13.928571428571429,8.62473932153252,1,9.81,9.81,0
9527,NA_English,NA_English,SOD,6,12,13.928571428571429,8.62473932153252,2,8.489999999999998,15.3,5.58
9527,NA_English,NA_English,SOD,7,12,13.928571428571429,8.62473932153252,1,2.1,2.52,0
9527,NA_English,NA_English,SOD,8,12,13.928571428571429,8.62473932153252,1,14.13,14.64,0
9527,NA_English,NA_English,SOD,9,12,13.928571428571429,8.62473932153252,1,16.44,16.44,0
9732,Yeli_Dnye,Yeli_Dnye,CAS,random-1,4,13.928571428571429,8.62473932153252,6,4.176,8.064000000000002,11.376
9732,Yeli_Dnye,Yeli_Dnye,CAS,random-2,4,13.928571428571429,8.62473932153252,2,3.744,3.744,26.688
9732,Yeli_Dnye,Yeli_Dnye,CAS,random-3,4,13.928571428571429,8.62473932153252,3,0,1.0799999999999998,34.416
9732,Yeli_Dnye,Yeli_Dnye,CAS,random-4,4,13.928571428571429,8.62473932153252,2,0,0,20.136
9732,Yeli_Dnye,Yeli_Dnye,CAS,random-5,4,13.928571428571429,8.62473932153252,2,0,0,18.936
9732,Yeli_Dnye,Yeli_Dnye,CAS,random-6,4,13.928571428571429,8.62473932153252,2,4.056,4.056,36.93599999999999
9732,Yeli_Dnye,Yeli_Dnye,CAS,random-7,4,13.928571428571429,8.62473932153252,7,10.944,27.624,48.288
9732,Yeli_Dnye,Yeli_Dnye,CAS,random-8,4,13.928571428571429,8.62473932153252,9,3.24,11.592,49.559999999999995
9732,Yeli_Dnye,Yeli_Dnye,CAS,random-9,4,13.928571428571429,8.62473932153252,12,2.8080000000000003,14.28,32.928000000000004
9755,NA_English,NA_English,WAR,1,3,13.928571428571429,8.62473932153252,1,0.69,0.69,0
9755,NA_English,NA_English,WAR,10,3,13.928571428571429,8.62473932153252,2,0.48,1.35,2.76
9755,NA_English,NA_English,WAR,11,3,13.928571428571429,8.62473932153252,0,0,0,0
9755,NA_English,NA_English,WAR,12,3,13.928571428571429,8.62473932153252,0,0,0,0
9755,NA_English,NA_English,WAR,13,3,13.928571428571429,8.62473932153252,3,0,14.010000000000002,14.55
9755,NA_English,NA_English,WAR,14,3,13.928571428571429,8.62473932153252,1,0,0,0
9755,NA_English,NA_English,WAR,15,3,13.928571428571429,8.62473932153252,0,0,0,0
9755,NA_English,NA_English,WAR,2,3,13.928571428571429,8.62473932153252,1,0.93,0.93,0
9755,NA_English,NA_English,WAR,3,3,13.928571428571429,8.62473932153252,1,0,0,0.72
9755,NA_English,NA_English,WAR,4,3,13.928571428571429,8.62473932153252,2,0,7.890000000000001,4.47
9755,NA_English,NA_English,WAR,5,3,13.928571428571429,8.62473932153252,2,0,3.57,5.159999999999999
9755,NA_English,NA_English,WAR,6,3,13.928571428571429,8.62473932153252,2,0,2.31,26.85
9755,NA_English,NA_English,WAR,7,3,13.928571428571429,8.62473932153252,0,0,0,0
9755,NA_English,NA_English,WAR,8,3,13.928571428571429,8.62473932153252,2,7.95,9.18,3.78
9755,NA_English,NA_English,WAR,9,3,13.928571428571429,8.62473932153252,2,0,2.88,11.46
9801,UK_English,UK_English,ROW,1,19,13.928571428571429,8.62473932153252,2,13.95,13.95,0
9801,UK_English,UK_English,ROW,10,19,13.928571428571429,8.62473932153252,2,23.19,24.24,1.5599999999999998
9801,UK_English,UK_English,ROW,11,19,13.928571428571429,8.62473932153252,3,6.1499999999999995,21,11.94
9801,UK_English,UK_English,ROW,12,19,13.928571428571429,8.62473932153252,10,9.51,15.9,6.0600000000000005
9801,UK_English,UK_English,ROW,13,19,13.928571428571429,8.62473932153252,0,0,0,0
9801,UK_English,UK_English,ROW,14,19,13.928571428571429,8.62473932153252,8,9.06,18.12,26.55
9801,UK_English,UK_English,ROW,15,19,13.928571428571429,8.62473932153252,1,2.22,5.52,0
9801,UK_English,UK_English,ROW,2,19,13.928571428571429,8.62473932153252,7,23.19,62.88,3.78
9801,UK_English,UK_English,ROW,3,19,13.928571428571429,8.62473932153252,1,13.95,13.95,0
9801,UK_English,UK_English,ROW,4,19,13.928571428571429,8.62473932153252,1,4.65,4.83,0
9801,UK_English,UK_English,ROW,5,19,13.928571428571429,8.62473932153252,1,0,1.14,0
9801,UK_English,UK_English,ROW,6,19,13.928571428571429,8.62473932153252,0,0,0,0
9801,UK_English,UK_English,ROW,7,19,13.928571428571429,8.62473932153252,0,0,0,0
9801,UK_English,UK_English,ROW,8,19,13.928571428571429,8.62473932153252,4,0,7.5,22.41
9801,UK_English,UK_English,ROW,9,19,13.928571428571429,8.62473932153252,3,1.44,15,12.33
9854,NA_English,NA_English,SOD,1,17,13.928571428571429,8.62473932153252,0,0,0,0
9854,NA_English,NA_English,SOD,10,17,13.928571428571429,8.62473932153252,2,5.34,5.58,10.8
9854,NA_English,NA_English,SOD,11,17,13.928571428571429,8.62473932153252,2,6.39,6.45,13.95
9854,NA_English,NA_English,SOD,12,17,13.928571428571429,8.62473932153252,3,5.67,5.67,8.52
9854,NA_English,NA_English,SOD,13,17,13.928571428571429,8.62473932153252,2,1.5599999999999998,1.5599999999999998,3.51
9854,NA_English,NA_English,SOD,14,17,13.928571428571429,8.62473932153252,2,11.76,12.6,5.88
9854,NA_English,NA_English,SOD,15,17,13.928571428571429,8.62473932153252,4,3.57,3.57,3.66
9854,NA_English,NA_English,SOD,2,17,13.928571428571429,8.62473932153252,0,0,0,0
9854,NA_English,NA_English,SOD,3,17,13.928571428571429,8.62473932153252,1,0,0,1.71
9854,NA_English,NA_English,SOD,4,17,13.928571428571429,8.62473932153252,2,20.67,20.67,2.37
9854,NA_English,NA_English,SOD,5,17,13.928571428571429,8.62473932153252,3,4.29,4.29,8.76
9854,NA_English,NA_English,SOD,6,17,13.928571428571429,8.62473932153252,2,2.5799999999999996,2.5799999999999996,0
9854,NA_English,NA_English,SOD,7,17,13.928571428571429,8.62473932153252,3,1.41,1.41,9.3
9854,NA_English,NA_English,SOD,8,17,13.928571428571429,8.62473932153252,1,7.86,7.86,0
9854,NA_English,NA_English,SOD,9,17,13.928571428571429,8.62473932153252,2,4.74,4.74,9.18
9858,NA_English,NA_English,SOD,1,13,13.928571428571429,8.62473932153252,0,0,0,0
9858,NA_English,NA_English,SOD,10,13,13.928571428571429,8.62473932153252,1,0.32999999999999996,0.32999999999999996,0
9858,NA_English,NA_English,SOD,11,13,13.928571428571429,8.62473932153252,4,3.1199999999999997,6.63,7.05
9858,NA_English,NA_English,SOD,12,13,13.928571428571429,8.62473932153252,0,0,0,0
9858,NA_English,NA_English,SOD,13,13,13.928571428571429,8.62473932153252,0,0,0,0
9858,NA_English,NA_English,SOD,14,13,13.928571428571429,8.62473932153252,4,0.69,2.1,9.03
9858,NA_English,NA_English,SOD,15,13,13.928571428571429,8.62473932153252,0,0,0,0
9858,NA_English,NA_English,SOD,2,13,13.928571428571429,8.62473932153252,0,0,0,0
9858,NA_English,NA_English,SOD,3,13,13.928571428571429,8.62473932153252,0,0,0,0
9858,NA_English,NA_English,SOD,4,13,13.928571428571429,8.62473932153252,2,6.239999999999999,6.239999999999999,10.92
9858,NA_English,NA_English,SOD,5,13,13.928571428571429,8.62473932153252,2,0.32999999999999996,0.32999999999999996,4.050000000000001
9858,NA_English,NA_English,SOD,6,13,13.928571428571429,8.62473932153252,1,24.33,24.33,0
9858,NA_English,NA_English,SOD,7,13,13.928571428571429,8.62473932153252,0,0,0,0
9858,NA_English,NA_English,SOD,8,13,13.928571428571429,8.62473932153252,1,2.46,2.46,0
9858,NA_English,NA_English,SOD,9,13,13.928571428571429,8.62473932153252,1,0.75,0.75,0
9909,Arg_Spanish,Arg_Spanish,ROS,1,12,13.928571428571429,8.62473932153252,5,1.02,1.02,48.9
9909,Arg_Spanish,Arg_Spanish,ROS,10,12,13.928571428571429,8.62473932153252,7,0,1.74,16.17
9909,Arg_Spanish,Arg_Spanish,ROS,11,12,13.928571428571429,8.62473932153252,7,4.71,7.26,11.79
9909,Arg_Spanish,Arg_Spanish,ROS,12,12,13.928571428571429,8.62473932153252,10,8.280000000000001,9.12,41.040000000000006
9909,Arg_Spanish,Arg_Spanish,ROS,13,12,13.928571428571429,8.62473932153252,8,0,6.96,34.230000000000004
9909,Arg_Spanish,Arg_Spanish,ROS,14,12,13.928571428571429,8.62473932153252,6,0,0.8099999999999999,11.61
9909,Arg_Spanish,Arg_Spanish,ROS,15,12,13.928571428571429,8.62473932153252,7,3.93,6.99,15.84
9909,Arg_Spanish,Arg_Spanish,ROS,2,12,13.928571428571429,8.62473932153252,6,0,0.45,19.14
9909,Arg_Spanish,Arg_Spanish,ROS,3,12,13.928571428571429,8.62473932153252,6,0,0,33.75
9909,Arg_Spanish,Arg_Spanish,ROS,4,12,13.928571428571429,8.62473932153252,6,9,9.57,10.89
9909,Arg_Spanish,Arg_Spanish,ROS,5,12,13.928571428571429,8.62473932153252,6,7.74,13.56,2.52
9909,Arg_Spanish,Arg_Spanish,ROS,6,12,13.928571428571429,8.62473932153252,6,0,6.96,38.07
9909,Arg_Spanish,Arg_Spanish,ROS,7,12,13.928571428571429,8.62473932153252,7,0,12.51,41.07
9909,Arg_Spanish,Arg_Spanish,ROS,8,12,13.928571428571429,8.62473932153252,9,4.08,11.82,16.62
9909,Arg_Spanish,Arg_Spanish,ROS,9,12,13.928571428571429,8.62473932153252,7,1.23,3.93,17.25
